Rain24,Rain48,Rain72,RainWA,Wdirection,Wspeed,SolarHours,Class
0,10.42,10.42,20.84,190,3.1,11.5,0
0,0,10.42,10.42,230,7.7,3.4,0
0,0,0,0,180,5.7,12.4,0
0,0,0,0,20,2.1,0,0
0,0,0,0,170,3.6,9.1,0
0,0,0,0,120,2.1,0.7,0
0,0,0,0,210,2.6,12.3,0
0,0,0,0,260,2.6,11.5,0
0.49,0.49,0.49,1.47,230,11.8,9.4,0
0,0.49,0.49,0.98,180,1.5,11.6,0
0.49,0.49,0.49,1.47,170,2.6,5.3,0
0,0,0.98,0.98,360,4.1,6.4,0
0.49,0.49,0.49,1.47,320,2.6,10,0
0,0,0,0,40,2.6,12.1,0
0,0,2.45,2.45,10,2.6,0,0
0.53,0.53,0.53,1.59,50,2.6,1.8,0
0,0,0.53,0.53,240,1,10.5,0
0,0.53,0.53,1.06,360,3.6,9.1,0
31.26,32.85,36.56,100.67,250,4.1,0.4,0
0,0,1.59,1.59,190,3.1,7.7,0
0,0,0,0,140,1,11.3,0
0,0,0,0,40,4.1,10.7,0
0,3.14,19.92,23.06,180,5.1,1.7,0
4.71,4.71,7.86,17.28,210,6.7,9.4,0
0,0,0,0,250,7.7,8.5,0
2.61,2.61,3.13,8.35,300,6.2,2.8,0
0,0.75,3.36,4.11,260,7.2,8.9,0
0,0,0,0,270,6.7,4.9,0
0,0,0,0,160,1.5,10.6,0
0,0,0,0,220,2.1,10.3,0
0,0,0,0,90,7.2,1.7,0
35.16,64.12,64.12,163.4,230,2.6,6.1,1
0,0,35.16,35.16,60,3.1,13,1
0,0,0,0,290,2.6,12.5,0
0,0,1.41,1.41,150,2.1,7.8,0
0,0,0,0,150,4.6,9.2,0
0,0,0,0,160,4.6,1.7,0
0,0,0,0,100,5.1,4.5,1
0,0,0,0,90,3.6,7.8,0
0,0,0,0,280,6.2,7.2,0
0,0,0,0,150,1,5,1
0,0,0,0,220,6.2,8.4,0
0,0,3.91,3.91,160,1.5,10.3,0
0,0,0,0,130,2.6,7.1,0
3.5,12.5,12.5,28.5,140,0.5,8.9,0
5,6.5,27,38.5,80,3.1,1,0
0,0,0,0,140,2.1,7.2,0
0,0,0,0,200,6.7,8.8,0
0,7,10.5,17.5,210,6.7,2.4,1
0,0,0,0,120,1,12,0
18.5,18.5,18.5,55.5,140,6.7,0.5,1
0,0,0,0,220,4.1,11.3,0
0,20.5,43.5,64,180,3.1,11.1,0
0,0,0,0,140,4.6,8.8,0
1.01,1.51,71.36,73.88,100,3.6,2.5,1
0,7.25,9.26,16.51,220,2.6,12.6,0
0,0.52,0.52,1.04,310,4.1,0.2,0
0.52,0.52,0.52,1.56,350,5.7,0,0
0,3.63,5.7,9.33,130,2.1,10.7,0
0,0,0,0,150,1,0,0
5.5,5.5,8,19,220,5.1,0.7,0
3,4,4,11,220,7.2,8.7,0
0,0,1,1,290,3.1,10.1,0
3,3,3,9,100,1,0,1
3.2,3.2,3.2,9.6,130,3.1,10,0
0,0,1.06,1.06,130,3.1,10.3,0
12.76,12.76,12.76,38.28,360,1.5,0,1
0,0,0,0,10,1.5,1.5,0
4.79,10.64,10.64,26.07,300,2.6,8,1
8.52,11.36,12.49,32.37,330,4.1,7.4,0
0,0,0,0,10,5.7,3.4,1
0,0,0,0,10,4.6,7.1,0
6.17,6.17,7.2,19.54,330,5.1,5.5,0
2.05,4.62,6.68,13.35,220,4.1,0,1
4.5,10.5,16.5,31.5,300,4.1,11.9,1
0,0,0,0,110,3.1,11.9,0
1,1,1,3,10,1,10.1,0
0,0,0,0,100,3.1,5.4,1
0,4.57,6.1,10.67,130,4.1,6.4,1
0.51,3.56,11.7,15.77,50,1,10,0
0,0,3.27,3.27,170,1.5,10.2,0
0,0,0,0,179,1,9.3,0
0.55,0.55,0.55,1.65,64,3.7,0,1
0,0,6.55,6.55,27,0.8,7.5,1
0,0,0,0,108,0.8,1.5,0
4.5,4.5,5,14,197,6.3,7.5,1
0,0,0,0,237,2,1.2,0
0,0,0,0,325,1.1,9.5,1
2.11,2.11,2.11,6.33,257,3,0,0
15.31,15.31,15.31,45.93,23,3.4,0,0
12.15,13.73,23.23,49.11,122,2.6,0,1
0,2.4,2.4,4.8,163,2.9,12.3,0
0,0.6,0.6,1.2,315,2.8,5.8,0
0,1.5,1.5,3,234,6.6,7.6,0
0,19,19,38,148,4.3,0,0
0,0,23.5,23.5,119,2.5,10.5,0
0,0,0,0,77,1.8,4.8,0
0,0,2.91,2.91,156,2.6,9.6,1
0,0,0,0,289,1.2,11.3,0
0.97,2.93,21.03,24.93,235,5.8,8.5,0
15.66,15.66,15.66,46.98,255,3,10.5,0
0.49,0.49,0.49,1.47,265,7.8,3.3,1
0,0,5.87,5.87,232,3.5,6.7,1
0.51,0.51,1.53,2.55,62,1.8,1.7,0
9.66,16.27,16.27,42.2,248,0.9,3.5,1
0,0,0,0,344,2.1,5.1,0
0,1.01,1.01,2.02,210,9.2,8.4,0
0,0,0,0,140,1.3,10.8,0
0.51,0.51,0.51,1.53,94,2.9,3.9,0
0,0,0.53,0.53,194,4,12.6,1
0,0,0.54,0.54,9,0.2,10,0
0,0,7.48,7.48,155,2.1,10.9,0
0,0,4.81,4.81,155,2.1,9.6,0
0,0,0,0,155,2.1,11.7,0
13.5,15.66,16.2,45.36,155,2.1,7.4,0
0,0,0,0,102,1.6,7.8,0
0,0,0,0,186,4.2,10.4,0
0,0,0,0,311,2.2,9,0
0,0,0,0,221,9.1,7.7,1
0,1,6,7,305,1.7,12.1,0
0,0,0.5,0.5,150,4.4,12.4,1
0,0,0,0,60,7.7,5.1,0
3.89,8.88,19.21,31.98,309,3.2,6,0
1.66,1.66,1.66,4.98,51,2,11.9,1
0,0,0,0,331,3.2,7.3,0
6.37,58.55,58.55,123.47,43,5.8,2.3,1
1.37,1.37,1.37,4.11,68,2,5.4,1
2.3,2.3,2.3,6.9,354,5.8,6.1,0
0,0,0,0,216,8,10,1
0,0.46,0.46,0.92,295,0.8,8.7,0
0,0,0,0,192,2.4,7.5,0
0.92,0.92,1.38,3.22,177,2.3,9.3,1
0.91,5.5,14.22,20.63,210,3.2,11.2,0
2.27,24.12,24.12,50.51,284,3.1,3.4,0
2.28,6.83,15.02,24.13,229,7.8,6.5,0
0,61.45,61.45,122.9,340,0.8,9.5,1
1.36,52.8,52.8,106.96,13,1.5,7.6,1
22.76,22.76,22.76,68.28,34,2.4,3.1,1
25.49,39.15,39.15,103.79,273,2.9,5.2,1
0,1.06,18.05,19.11,104,0.5,9.4,0
0,0,4.61,4.61,213,4.9,6.4,1
19.94,19.94,19.94,59.82,285,8.9,4,1
8.18,8.18,12.78,29.14,292,6.6,11.5,0
0,0,0,0,250,5.3,12.2,0
0.5,0.5,0.5,1.5,162,2.4,12.8,0
0,0,0.5,0.5,234,6.2,11.5,0
11.5,13,21.5,46,310,3.4,5.1,1
14,16,16,46,309,4.5,3.3,0
0,0,0,0,218,5.5,1.2,0
0,0,0,0,285,2.4,1.5,1
0,6.5,32.5,39,256,1.5,12.3,0
1.5,1.5,1.5,4.5,73,4,8.2,0
0,0,0,0,217,3.2,13,0
0,0,0,0,163,1.6,6,0
2.79,2.79,2.79,8.37,152,1.5,0.8,0
0,0,0,0,81,1.9,8.8,0
42.93,44.04,44.04,131.01,320,4.2,4.5,1
0,0,0,0,180,0.6,7.2,0
0,0,0,0,93,3.6,4,0
0,0,0,0,237,3,8.7,0
13.54,13.54,13.54,40.62,203,3.5,8.6,1
0,0,0,0,115,1.6,8.2,0
0,0,0,0,203,6.7,6.6,1
0,0,0,0,158,2.5,9.3,0
0,1.56,3.12,4.68,61,6.6,0,0
2.34,2.34,2.34,7.02,23,4.4,1.3,0
0,0,0,0,331,3.6,0,0
0,0,0,0,273,0.5,10.4,0
4.22,9.38,9.38,22.98,21,8.5,5.1,1
0,0,0,0,226,7.4,8.5,0
0,0,0,0,122,4.5,11.3,0
4.91,5.4,7.36,17.67,330,2.5,8.4,0
0,0,0,0,110,1.1,6.8,1
0.49,10.79,16.18,27.46,227,5.1,10.3,0
0,8.33,28.94,37.27,45,0.9,8.8,1
0,0,0,0,352,1.3,6.5,0
0,0,0,0,111,1.4,11.6,0
0,0,0,0,91,1.6,2.8,0
0.5,17,17,34.5,202,5.2,6.6,0
0,0,0,0,138,2.5,10.9,0
1.5,20,42,63.5,49,3.6,1,1
9.63,9.63,9.63,28.89,256,8.2,6.8,0
0,0,0,0,209,2.1,8.9,0
0,1.55,3.61,5.16,214,5.5,1.7,0
0,18.05,26.82,44.87,248,2.8,9.7,0
0,4.65,5.16,9.81,325,2.3,9.6,0
2.06,11.86,11.86,25.78,209,6.7,7.6,0
0,5.12,9.21,14.33,226,7.3,11.6,0
56.31,56.31,56.31,168.93,207,4,1,0
5.12,11.26,11.26,27.64,247,6.9,4.8,1
0,0,0,0,199,2.3,13.6,0
1.02,1.02,1.02,3.06,132,1.7,13.2,0
0,1.03,2.05,3.08,128,1.8,9.4,0
0,0,0,0,147,1.9,4.7,0
0,0,0,0,84,1,10.1,0
4.34,11.92,11.92,28.18,307,2.3,4.3,0
0,0,0,0,126,0.6,2.1,0
0,2.71,3.25,5.96,42,1.3,9.1,1
0,0,0,0,62,1.8,0.3,0
0,0,0,0,118,2.2,8.9,0
4.94,5.39,5.39,15.72,114,1.4,8.7,0
0,0,0,0,346,0.5,6.7,0
0,0,0,0,38,0.3,11.3,0
0,0,0,0,143,2.1,3.8,0
2.69,2.69,2.69,8.07,243,5.3,2.7,0
0,0,0,0,99,1.9,8.6,0
0,2.38,10.72,13.1,199,1.9,5,0
0,0,0,0,271,0.7,10.7,0
0,1.61,1.61,3.22,204,3.2,9.3,0
0,13.35,13.35,26.7,200,3.8,10.6,0
0,11.93,17.81,29.74,337,4.5,4.8,0
0.52,10.37,10.37,21.26,185,3.1,12.2,0
0,0,0,0,56,4.2,7,0
0,0,0,0,321,4.3,10.1,0
5.71,10.38,10.38,26.47,224,9.2,6.7,1
0.52,6.22,92.85,99.59,214,3.8,6,0
0,1.03,1.03,2.06,236,5.4,7.1,0
0.55,0.55,0.55,1.65,209,3.7,1.2,0
7.1,7.1,7.1,21.3,84,2.7,0,1
14.19,14.19,14.19,42.57,198,3.6,6.8,0
5.46,5.46,5.46,16.38,3,4.2,0.6,0
0,0,0,0,195,0.9,8.1,0
0,0,0,0,59,2.3,7.6,1
0,37.63,38.16,75.79,151,1.5,5.1,0
0,0,0.53,0.53,202,1,10.4,0
3.71,23.32,23.85,50.88,227,7.6,5.9,1
0,0,0,0,215,1.6,3.5,0
0,0,0,0,268,2.4,4.5,1
0,0.47,4.24,4.71,106,0.6,7.8,0
0,0,5.18,5.18,38,7.1,1.4,0
52.23,52.23,52.23,156.69,58,11.6,3.7,1
0,0,0,0,234,7,6.7,0
36.56,36.56,36.56,109.68,25,4.3,0.4,0
5.23,5.7,5.7,16.63,178,1.2,0.9,1
0,9.02,11.87,20.89,8,0.8,5.6,0
16.14,16.14,16.14,48.42,104,1.9,0.8,0
3.85,3.85,3.85,11.55,63,4,0.2,0
0,0,0,0,93,1.2,2.3,1
12.34,20.23,20.23,52.8,7,5.7,3.2,0
0,0,0,0,147,1,10.8,0
9.87,39.97,53.79,103.63,166,1.5,0,1
1.48,1.48,1.48,4.44,215,5.9,10.3,1
0,0,0,0,308,1.2,5.6,0
1.48,1.48,1.48,4.44,57,8.8,0,0
0,0,0,0,178,1.3,10.7,1
0.47,2.81,3.75,7.03,158,2.9,9.6,1
0,0,1.88,1.88,326,3.4,5.7,0
0,3.29,13.14,16.43,218,2,6.9,1
0,0.47,3.28,3.75,228,9.6,5.5,1
0,0,1.41,1.41,86,0.8,4,0
0,0,0,0,68,0.7,5.6,0
6.56,8.91,8.91,24.38,358,2.9,3.5,0
3.28,9.85,22.52,35.65,28,2.6,3.8,1
1.05,2.1,2.1,5.25,302,2.3,9.2,0
13.11,32,32.53,77.64,233,14.2,8.3,0
4.72,4.72,4.72,14.16,30,7.1,0,0
0,0.52,0.52,1.04,214,7,12.3,0
0,0,1.59,1.59,278,2.6,3.2,1
0,0,0,0,26,2.6,12.5,0
0,0,1.06,1.06,265,5.7,1.3,1
0,4.76,4.76,9.52,198,4,13.3,0
0,0,0,0,250,5.1,3.9,0
1.06,3.7,4.23,8.99,232,7.6,4.2,0
0,2.5,2.5,5,248,7.7,7.1,0
0,0,1,1,256,4.6,5.7,0
0,0,1,1,305,3.5,1.4,0
0,0,0,0,307,2.7,5.4,0
0,0,0,0,202,5.3,0,0
0.5,5.5,7,13,163,2.5,4.2,0
0,0,0,0,191,2.2,8.5,0
0,0,0,0,108,1.1,4.5,0
32.5,50.5,50.5,133.5,229,4.8,9.9,1
0,0.49,0.49,0.98,340,1.5,8.4,0
0.96,2.4,10.11,13.47,5,2.8,3.5,1
0,3.42,8.32,11.74,13,1.5,9.5,0
0.49,1.96,14.7,17.15,71,1.6,4.7,1
8.5,8.5,8.5,25.5,230,5,9,0
12.5,13,13,38.5,307,3.5,4.1,1
14,14,18.5,46.5,240,4.7,2,1
6,28.5,33.5,68,270,5.6,5.5,1
44.5,47,47,138.5,54,6,4.7,1
0,14.2,14.2,28.4,216,2,11.5,0
0,0,14.2,14.2,272,4.2,3.4,0
0.6,0.6,0.6,1.8,206,3.5,12.4,0
0,0.6,0.6,1.2,25,2.2,0,0
0,0,0.6,0.6,191,3.6,9.1,0
0,0,0,0,205,2.3,0.7,0
0,0,0,0,211,2.9,12.3,0
0,0,0,0,269,2.4,11.5,0
1.2,1.2,1.2,3.6,236,6.6,9.4,0
0,1.2,1.2,2.4,195,1.9,11.6,0
0,0,0,0,189,2.8,5.3,0
0,0,0,0,4,1.6,6.4,0
0,0,0,0,290,3,10,0
0,0,0,0,37,2.4,12.1,0
2.2,12.4,12.4,27,113,1.3,0,0
0.8,1.4,3.6,5.8,72,2.9,1.8,0
0,0,0.8,0.8,270,2.1,10.5,0
0,0,0,0,25,2.1,9.1,0
12.8,13,23.6,49.4,13,1.7,0.4,0
0,0,0,0,241,2.3,7.7,0
0,0,0,0,216,0.8,11.3,0
0,0.4,0.4,0.8,34,3.3,10.7,0
0.2,1.2,18.8,20.2,221,3,1.7,0
4.4,4.6,4.8,13.8,234,3.1,9.4,0
0.4,0.4,0.4,1.2,262,5.2,8.5,0
0,0,0,0,291,2.4,7,0
0.6,0.6,0.6,1.8,277,3.5,2.8,0
0,0,0.6,0.6,235,4.3,8.9,0
0,0,0,0,211,0.3,8.5,0
0,0,0,0,114,2.7,11.5,0
0,0,2.58,2.58,206,2.8,11,0
0,0,0,0,218,2,8.1,0
0,0,0,0,223,2,1.9,0
2.07,2.07,2.07,6.21,81,1.5,0.4,0
1.03,15,17.07,33.1,83,4.2,2,0
0,0,1.03,1.03,163,3.8,11.6,0
0,0,0,0,161,1.8,12.8,0
0,0,0,0,240,0.9,12.5,0
0,0,0,0,133,2.3,10.2,0
0,0,0,0,71,4,10.3,0
0.5,0.5,0.5,1.5,89,3.7,0.5,0
0,0,0,0,102,3.6,1.7,0
0,0,0,0,50,3.4,1.6,0
0,0,0,0,313,1.5,4.2,0
0,0,0,0,61,2.9,7.9,0
8.96,9.45,9.45,27.86,23,2.2,0.1,0
14.43,42.8,51.76,108.99,40,0.5,1.3,0
0,14.43,42.8,57.23,55,2.4,0,0
6.96,8.95,8.95,24.86,96,2.2,4,1
0,0,0,0,200,3.1,6.9,0
0,0,0,0,144,0.8,4.3,0
0,0,0,0,36,2.8,2.9,0
0.49,1.99,1.99,4.47,23,4.6,1,0
3.48,3.48,3.48,10.44,27,3.7,0.5,0
2.48,3.48,3.48,9.44,223,1.3,3.3,0
0,0,0.5,0.5,243,2.2,3.9,0
0,1.38,1.38,2.76,259,1.3,10.3,0
0,0,3.44,3.44,217,2.9,11.4,0
0,1.54,12.35,13.89,200,2.4,12.5,0
0,0,0,0,51,2.5,5.2,0
0,0,1.54,1.54,264,2.5,6.9,0
0,0,0,0,71,2.9,7.1,0
0,0,0,0,269,1.4,9,0
0,2.06,3.09,5.15,279,2,3.7,0
0,0.51,1.03,1.54,244,2.2,7.2,0
0,0,0,0,212,3,8.8,0
3.09,3.09,3.09,9.27,55,4.7,0.3,0
0,0.51,25.02,25.53,154,3.1,0.2,0
0,0,0,0,290,0.6,8.8,0
0,0,0,0,81,5.1,0,0
0.51,2.05,3.58,6.14,242,1.8,5.3,0
2.55,3.06,3.06,8.67,252,1.3,6.1,0
0,0,0,0,260,0.6,5.4,0
0,0,0.48,0.48,166,0.7,9.1,0
0,1.96,2.94,4.9,318,2.1,6.9,0
0,0.49,1.96,2.45,262,2.2,8.9,0
2.7,2.7,3.24,8.64,14,2.9,0,0
0,0,0,0,278,1.7,3.8,0
3.23,3.23,3.23,9.69,17,4.4,2.2,0
6.47,12.94,12.94,32.35,307,1.2,9.8,0
0,0.61,0.61,1.22,128,1,11.7,0
0,0,0,0,232,3.7,2.4,0
18.29,18.79,19.28,56.36,286,6,0.5,0
0,0,0,0,241,4.1,11,0
10.38,10.38,10.38,31.14,25,3.2,0.6,0
14.72,15.21,15.21,45.14,231,2.1,8.4,0
0.53,5.26,27.87,33.66,102,4.3,2.5,0
0.52,0.52,7.89,8.93,189,3.1,12.6,0
0,0,0,0,105,3.7,0.3,0
0,0,0,0,295,3.8,0.2,0
0,0.48,2.41,2.89,101,1.7,10.7,0
0,0,0,0,98,2.2,0,0
0.48,2.41,5.79,8.68,226,3.3,8.7,0
0,0,1.43,1.43,273,2.6,10.1,0
4.29,4.29,4.29,12.87,133,2.6,0,0
0,0.95,0.95,1.9,217,1.8,0,0
0,1.9,15.7,17.6,91,2.3,9.1,0
2.75,2.75,2.75,8.25,141,2.2,10,0
0,0,0,0,136,3,10.3,0
0,0,1.65,1.65,95,3.9,1.6,0
0,0,0,0,354,1,1.5,0
0,0,0,0,178,1.2,10.3,0
0.45,0.45,0.45,1.35,323,1.7,0.4,0
0.45,27.76,59.1,87.31,231,3.7,6.3,0
0,0,0,0,295,2.2,2.4,0
0,0,0,0,107,4,0,0
0,0,0,0,160,1.5,8.6,0
39,48,50.24,137.24,352,0.4,2.5,0
0,0,11,11,307,0.3,5.9,0
0,1.5,3.5,5,173,2.2,8.8,0
6,8,12.5,26.5,288,1.9,4.2,0
14,14,31.5,59.5,150,3.2,0.1,0
0,0,0,0,226,0.3,7.2,0
0,0,0,0,76,0.6,3.1,0
0,0,5.58,5.58,217,0.4,2.2,0
0,2.24,2.79,5.03,306,0.4,4.2,0
0,0,0,0,191,0.9,3.8,0
0,0,0,0,298,1.2,8.4,0
15,25,32,72,334,1.3,0.3,0
0,0,1,1,269,0.7,2,0
0,0,5,5,251,1,8.3,0
20.69,20.69,21.2,62.58,25,0.3,6.6,0
0,1.01,4.54,5.55,191,3.5,9.8,0
0,3.03,3.03,6.06,18,1.3,4,0
0,0,0.5,0.5,103,4.1,2.6,0
36.54,39.86,39.86,116.26,51,1.6,8,0
0,0,0,0,112,2.2,9.9,0
0,0,0,0,47,1.6,10.5,0
0,0,0,0,71,2.1,9.6,0
16.18,16.72,16.72,49.62,302,1.7,2.6,0
0,7.01,7.01,14.02,263,1.9,7.1,0
1.08,23.73,24.27,49.08,238,5,2.3,0
6.47,6.47,6.47,19.41,6,2.4,7.9,0
0,22.07,22.62,44.69,266,4.1,4.9,0
0,0,0,0,20,3.3,3.4,0
0,0,0,0,75,4,1.6,0
0,0,1.89,1.89,25,3,7.1,0
6.95,6.95,6.95,20.85,22,2.3,5.5,0
0,0.53,5.88,6.41,213,2.2,0,0
0.54,0.54,0.54,1.62,2,1,0.3,0
0,0,0,0,58,1.3,12.8,0
1.15,1.15,3.29,5.59,16,2.1,0,0
1.73,2.88,20.17,24.78,280,2.5,11.9,0
0,0,0,0,178,1.3,11.9,0
0,0,0,0,120,3.1,11.9,0
0,1.05,5.26,6.31,263,1.4,5.7,0
8.94,17.89,17.89,44.72,257,3.3,10.5,0
0,0,0,0,287,2.3,10.1,0
0,0,0,0,145,2.2,7.7,1
0,0,0,0,169,1.1,10.3,0
0,0,0,0,90,3.9,5.4,0
0,0,5.13,5.13,281,2.6,10.2,0
0,1.03,3.09,4.12,142,2.4,6.4,0
0,2.05,6.17,8.22,243,1.8,10,0
0,0.54,7.6,8.14,197,1.6,10.2,0
0,0,0,0,260,0.7,9.3,0
0,0.54,4.89,5.43,282,1,7.5,0
1.69,1.69,1.69,5.07,245,2,4.9,0
0,0,0,0,199,1.2,1.5,0
5.66,8.49,9.05,23.2,21,1.3,2.8,0
5.66,16.98,21.51,44.15,259,4.3,2.6,0
0,3.4,3.96,7.36,250,2.6,0.1,0
0,2.53,6.06,8.59,273,4.4,2,0
22.2,25.73,25.73,73.66,202,1,0,0
0,0,4.54,4.54,283,1,6.6,0
0,7.14,9.52,16.66,14,2.1,0.7,0
2.86,11.43,31.89,46.18,275,1.5,3.5,0
2.38,2.38,2.38,7.14,250,1.1,3.7,0
0,0,0,0,208,1.3,8.7,0
0,1.42,2.38,3.8,262,1.6,0.9,0
10.05,22.33,22.89,55.27,358,0.9,3.9,0
0.56,0.56,1.12,2.24,258,3.3,8.8,0
0.56,12.84,12.84,26.24,262,3.3,1.5,0
5.82,5.82,6.35,17.99,351,1.7,5.2,0
0,0,0,0,346,1.9,0,0
4.77,4.77,4.77,14.31,238,4.1,6.4,0
0,0,10.59,10.59,230,5.5,7.3,0
0,0,0,0,101,1.8,11.3,0
15.03,15.03,19.33,49.39,19,2.5,0.1,0
0,0.54,0.54,1.08,228,2.3,11.4,0
3.22,4.83,18.25,26.3,284,2.7,8.3,0
5.65,5.65,5.65,16.95,274,4.2,9.9,0
11.38,11.38,11.38,34.14,321,1.8,0.8,0
5.69,5.69,5.69,17.07,21,2.4,0,0
0,0,0,0,236,2.2,1.7,0
1.55,1.55,1.55,4.65,73,3.8,12.3,0
15.59,33.78,33.78,83.15,56,4,0.1,0
0,0,0,0,249,2.1,12,0
0,0,0,0,290,2.2,6.2,0
0,1.13,1.13,2.26,244,3.5,10.9,0
0,0,0,0,212,2.4,9.9,0
0,8.85,8.85,17.7,242,1.2,0,0
0,0,21.15,21.15,140,1.6,10.2,0
16.72,73.54,81.5,171.76,191,3.1,11.5,0
0,0,0,0,74,3.1,9.2,0
0,0,6.01,6.01,245,1.5,7.6,0
0,0,0,0,54,2.5,4.6,0
0,0,0,0,185,2.6,3.8,0
6.31,21.54,21.54,49.39,16,3.3,0.6,0
0,0.52,0.52,1.04,243,0.9,4.4,0
0,0,0,0,353,0.6,1.8,0
0,6.82,23.07,29.89,188,2.9,8.3,0
16.26,25.71,40.39,82.36,342,0.9,6.4,0
0,3.68,4.2,7.88,263,2.2,3.6,0
2.1,2.62,2.62,7.34,238,1.9,5.6,0
0,10.18,10.18,20.36,324,1,0.7,0
0.49,0.49,0.49,1.47,18,0.4,0.2,0
0,0,0,0,241,0.6,7.7,0
21.82,24.73,34.91,81.46,155,1.3,3.8,0
0,0,0,0,226,0.3,6.7,0
0,0,23.5,23.5,144,2.8,7.4,0
0.5,7.5,7.5,15.5,244,1.6,3.2,0
1.06,14.37,14.37,29.8,242,4.6,4.5,0
3.2,7.99,9.58,20.77,207,1.9,10,0
0,0,1.07,1.07,254,2.7,4.5,0
2.66,2.66,7.99,13.31,229,2.1,4.4,0
0,18.63,18.63,37.26,259,3.9,3.3,0
0,0,0,0,72,2.3,2.1,0
0,1.41,7.08,8.49,186,2,11.5,0
0,0,0,0,101,3.5,9.5,0
0,4.72,4.72,9.44,252,3.3,8.6,0
0,6.38,9.25,15.63,206,1.9,11.3,0
0,0,0,0,266,3.7,6.7,0
0,0,0,0,226,1.1,12.8,0
10.79,22.56,22.56,55.91,244,3.9,1.4,0
0,0,0,0,220,2.9,8.6,0
0,0,0,0,147,3.5,12.6,0
0,0.51,0.51,1.02,338,1.7,0.8,1
6.12,15.29,15.29,36.7,236,3.9,7.1,0
3.23,3.23,3.23,9.69,334,0.9,0.5,0
0,0,0,0,237,2,7.5,0
0.92,16.14,24.44,41.5,180,2.4,9.9,1
5.08,5.08,5.08,15.24,58,1,8.1,0
1.35,21.46,21.46,44.27,234,4.5,3.7,0
0,0,0,0,234,4.5,7.8,0
0.45,4.47,14.31,19.23,234,4.5,4.2,0
0,0,0,0,234,4.5,9.9,0
0,0,0,0,234,4.5,10.8,1
0,1.66,1.66,3.32,234,4.5,8.9,0
0,0,0,0,234,4.5,11.6,0
0,0,0,0,234,4.5,1,0
0,0,0,0,234,4.5,0.9,0
2.1,2.1,5.77,9.97,254,2.6,9.8,0
5.25,15.73,16.78,37.76,202,2.2,3.3,0
0,4.2,4.2,8.4,64,2.8,10,0
0,0,0,0,252,1.9,9.6,0
0,0,0,0,252,1.2,9.1,0
0,0,0,0,228,1.7,10.1,0
0,0,0,0,300,1.7,0.3,0
0,0,0,0,252,1.7,7,0
10.51,14.34,14.34,39.19,301,2.5,4.5,0
0,0,0,0,44,4.4,0,0
0,0,0,0,292,2.9,4,0
0,0,2.39,2.39,346,1,12.3,0
0,0,0,0,213,3.1,11.5,0
0,0,0,0,94,2.2,12,0
0,0,0.48,0.48,179,2.4,8.7,0
0,0,1.9,1.9,253,1,10.2,0
9.06,9.06,9.06,27.18,312,1.1,5.3,0
0,0,4.29,4.29,239,1.2,11.8,0
0,0,0.44,0.44,358,0.8,8.3,0
0,0,0,0,241,0.6,3.4,0
0,0,0,0,66,0.6,9.4,0
4.37,4.37,6.56,15.3,314,1.1,8,0
1.07,1.07,1.07,3.21,67,3,2.7,0
0,0,0,0,74,2.4,12.4,0
0,0,0,0,236,2,4.4,0
0,0,3.11,3.11,84,1.5,4.5,0
0,0,1.04,1.04,275,2.4,2.7,0
0,0,0,0,248,1.5,12.3,0
0,2.11,2.63,4.74,248,1.9,8.8,0
0.43,0.43,0.43,1.29,52,4.2,0.3,0
3.38,6.34,9.3,19.02,246,6.6,10.2,0
3.81,3.81,3.81,11.43,81,1.6,11.6,0
2.54,2.96,4.23,9.73,250,2.6,11.3,0
0,0,0,0,266,1.2,13.3,0
4.79,4.79,4.79,14.37,354,1.4,0.3,0
0,2,2,4,95,4.5,1.9,0
0,3.89,3.89,7.78,297,1.7,5.8,0
0,0,0,0,221,0.6,8.1,0
0,0,0,0,248,2.7,11,0
0,0,0,0,212,3.4,9.9,0
0,0,0,0,247,0.4,10.8,0
1.23,1.23,1.23,3.69,195,1.6,4.4,0
0,0,1.23,1.23,76,1.7,7.2,0
0,1.37,5.5,6.87,205,0.5,6.7,0
0,0.46,2.75,3.21,255,1.4,4.5,0
10.56,19.54,40.67,70.77,243,2,8.1,0
0,0,3.7,3.7,240,2,6.1,0
8.02,8.02,20.33,36.37,273,4.3,11.3,0
0,0,0,0,264,4.1,7.7,0
0,1.07,5.35,6.42,270,2.2,7.1,0
0,0,0,0,164,2,5.3,0
0,0,0,0,264,5.3,5.9,0
0,15.61,19.77,35.38,247,5,7.2,0
2.6,2.6,2.6,7.8,260,2.5,2.8,0
0,0,0,0,172,1.9,13,0
10.11,16.06,16.06,42.23,291,2.5,1,0
0,0,0,0,236,2.4,0.2,0
0,0,0,0,262,2.5,0,0
0,7.73,41.04,48.77,246,1.6,12.3,0
3.04,3.04,3.04,9.12,85,4.2,5,0
0,0.6,3.03,3.63,251,1.8,10.6,0
0,0,0,0,186,1,3.3,0
1.21,1.82,1.82,4.85,171,1.4,0.8,0
1.77,1.77,1.77,5.31,12,1,8.7,0
0,0,0,0,257,1.4,7.8,0
0,0,0,0,304,0.7,7,0
0,1.55,18.05,19.6,245,2.2,5.9,0
4.85,7,14,25.85,257,5.9,7.9,0
0,0,0,0,252,1.6,6.6,0
0,0,0,0,180,2,4.4,0
1.68,1.68,1.68,5.04,56,2.8,0.1,0
0,0.56,0.56,1.12,59,3.3,5.4,0
8.94,13.41,20.12,42.47,299,2.4,0.6,0
2.24,4.47,7.27,13.98,248,3.1,10.7,0
0,0,0,0,245,0.4,11.9,0
7.5,7.5,7.5,22.5,350,1.4,3,0
0,0,0,0,169,2.4,11,0
0,2.5,12,14.5,229,1.8,3.6,0
0,0,0,0,190,2.6,10.7,0
0,0,0,0,144,2.6,12.3,0
0,5.69,5.69,11.38,185,2,9,0
0,2.62,2.62,5.24,88,2.8,8.3,0
0,0,0,0,251,2.4,9.1,0
3.18,12.18,12.18,27.54,119,4.1,6.4,0
0,1.05,1.05,2.1,256,1.2,5.5,0
0,0,0,0,81,3,5.3,0
0,0,0,0,84,3.3,6.3,0
0,0.53,0.53,1.06,251,1.2,8.9,0
0,0,0,0,176,1.4,9.4,0
5.7,7.01,38.57,51.28,260,1.6,3.1,0
0.44,0.88,0.88,2.2,261,2.4,2.7,0
0,0.51,1.01,1.52,232,2.6,5.8,0
0,14.19,22.8,36.99,269,2,7.2,0
0,0.5,2.02,2.52,308,1.5,10.7,0
0,9.94,9.94,19.88,226,2.5,4.8,0
0,1,1.99,2.99,234,3.5,10.7,0
0,0,1.98,1.98,116,4,4.4,0
4.48,9.45,9.45,23.38,261,2.8,4.3,0
0,0,0,0,199,1.7,12.9,0
0,0,0,0,117,2.4,11.1,0
0,1.05,1.57,2.62,176,2.1,12.3,0
0,0,0,0,208,0.9,12.1,0
0,0,0,0,238,0.9,10.3,0
0,1.82,1.82,3.64,281,1.3,8.7,1
0,0,0,0,17,1,7.1,0
0,0,0,0,144,1.9,7.7,0
0,0,0,0,131,2.2,9.7,0
0.46,0.46,0.46,1.38,231,3.3,6,0
0,0,0,0,215,0.3,9.4,0
0,0,0,0,254,0.5,11.4,0
0,0,0,0,141,2.7,6.3,0
0,0,0,0,189,1.8,9.6,0
2.5,4,4,10.5,181,1.5,7,0
0,0.5,2,2.5,143,2.6,9.6,0
0,0,0,0,237,3.7,11.7,0
0,1.5,1.5,3,102,1.4,3.1,0
0,0,0,0,164,1.3,10.1,0
0.5,0.5,0.5,1.5,40,2.6,2.9,1
0,0,0.5,0.5,85,1.7,6.8,1
0,0,0,0,97,1.8,10.8,0
0,0.47,2.38,2.85,47,1.6,2.9,0
0,0,0.95,0.95,323,1.3,9.7,0
0,0,0,0,290,0.8,12.4,0
0,0,0,0,307,2.4,4.2,0
0,0,0,0,205,3.6,9.8,0
0,0,0,0,121,2.6,12.8,0
0,0,3.78,3.78,179,0.4,10.2,0
0,0,0,0,251,1.2,9.9,0
0,0,0,0,117,0.6,11.3,0
0,0,0,0,85,2.4,10.4,0
0,0,1.16,1.16,249,1,4.6,0
0,0,0,0,166,1.4,10.9,0
0,0,0.48,0.48,142,1.5,10.6,0
0,0,0,0,237,0.5,10.2,0
1.47,1.47,1.96,4.9,50,3.9,3.3,0
0,0,0,0,56,1.7,4.1,0
0,0,0,0,108,1.6,9.3,0
0.51,0.51,0.51,1.53,37,2,7.5,0
0,0,0.46,0.46,237,2.4,9.6,0
0,0,6.93,6.93,231,2.3,10.1,0
0,0.46,0.46,0.92,190,3.1,10.9,0
3.69,31.85,31.85,67.39,357,1.3,8.5,0
0,0,1.84,1.84,51,2.4,12.1,0
0,0,0,0,271,2.4,0.7,0
0.46,6.46,8.77,15.69,291,2.2,6.2,0
0,7.85,7.85,15.7,165,3.2,12.7,0
0,0,0,0,298,1.3,3.8,0
0,1.5,1.5,3,217,2.1,5,0
0,0,0,0,79,3,11.2,0
0,0,0,0,236,1.1,6.3,0
0.5,0.5,0.5,1.5,247,1.5,9.3,0
0,0,0,0,221,0.6,7.2,0
0,0.9,3.16,4.06,300,1,7.2,0
0,0,0,0,251,1.2,8.8,0
8.67,8.67,8.67,26.01,329,2.4,3.4,0
0,0,0,0,264,3.4,7.1,0
0.48,8.19,17.34,26.01,31,2.6,9.8,0
0.48,0.48,0.96,1.92,249,2.2,0.6,1
0,0,0.48,0.48,250,2.3,12.2,0
2.41,2.41,2.89,7.71,251,2.4,9.2,0
0,0,0,0,19,1.8,0.4,1
3.37,3.37,3.37,10.11,275,3.3,2.6,0
12.52,22.64,22.64,57.8,282,2,3.1,0
0,8.67,9.15,17.82,199,2,11.3,0
0,0,0,0,87,2.3,12,0
0,0,0,0,293,0.6,13,0
0,0,0,0,192,3.2,13.2,0
0,0.48,1.44,1.92,261,1.2,11.3,0
0,0,0,0,66,2.4,9.5,0
2.89,4.81,5.3,13,257,3.1,10.2,0
0,0,0,0,185,2.4,5.3,0
0,0,0,0,252,1.3,9.8,0
0,0,1.43,1.43,104,3,5.1,0
0,0,0,0,106,3,2.8,0
0,0.48,3.35,3.83,233,0.7,10.4,0
30.14,30.14,30.14,90.42,204,3.1,5.3,0
9.11,9.11,9.11,27.33,46,2,6.6,0
1.91,5.27,8.63,15.81,271,1.6,8,0
0,0,0,0,281,1.6,5.9,0
0,0,0,0,239,2.7,5.9,0
0.98,0.98,0.98,2.94,56,5.2,1,0
0,9.35,13.79,23.14,218,2.2,13,0
0.49,0.49,0.49,1.47,268,1.8,4.7,0
0,0,0,0,63,3.7,8,0
0,0,0,0,216,3.3,6.8,0
0,0,0,0,256,2.9,8.5,0
0,0,0,0,244,2.4,11.3,0
0,0,0,0,217,3,12.6,0
0,0,22.55,22.55,82,3.6,12.3,0
0.51,5.63,5.63,11.77,250,2.2,12.6,1
0,0,0.51,0.51,353,1.6,7.8,0
6.66,11.79,11.79,30.24,331,1.1,10.9,0
0.52,1.54,1.54,3.6,258,1.2,7.7,0
0,0,0,0,288,1.4,8.6,0
0,0,0,0,183,2.2,10.1,0
0,0.52,0.52,1.04,63,4.4,2.9,0
0,0,0,0,258,0.6,8.5,0
4.92,20.16,39.33,64.41,152,2.6,7.5,0
0,0,0,0,211,2.1,9.8,0
0,0,0,0,230,0.8,6.9,0
0.98,0.98,4.91,6.87,77,5.1,6.7,0
0,0.49,0.49,0.98,224,0.9,9.7,0
0,1,1.5,2.5,311,2.2,7.9,0
0,8.53,31.62,40.15,212,2.5,11.7,0
9.39,10.39,10.39,30.17,263,3.4,8,0
0,0,0.49,0.49,210,2.5,13,0
0,0,1.98,1.98,265,1.3,3.8,0
0,0,0,0,43,2.2,13.2,0
0,0.48,0.48,0.96,258,3.1,2.6,0
0,0.49,0.49,0.98,190,2,13.3,0
0,0,0,0,261,3.6,3.5,0
0,2.42,5.81,8.23,201,3.3,13.3,0
0,0,0,0,211,3.4,11.8,0
0,0.49,18.39,18.88,223,2,10,0
0,0,0,0,286,2.8,8.2,0
0,0,0,0,261,4,7.3,0
0,3.87,3.87,7.74,179,2.4,5.3,0
0,0.97,1.45,2.42,76,2.9,12.1,0
0,0,0,0,225,0.5,2.7,0
0,0,0,0,243,1.1,10.7,0
0,0,0.5,0.5,194,1.7,11.4,0
0,0,0,0,239,2.7,3.5,0
0.5,36,41,77.5,280,1.2,7.2,0
2.95,12.31,12.31,27.57,115,5.9,0.6,0
20.69,21.18,26.11,67.98,18,5.9,0,0
0.49,0.49,0.49,1.47,172,1.7,1.6,1
6,7.5,7.5,21,5,4.1,3.7,0
0,2,6,8,261,3.1,2.8,0
24,24,33,81,276,2.8,6.1,0
9.64,13.14,13.14,35.92,230,1.2,5.5,0
14,14,14,42,158,4.6,0.4,0
5.5,5.5,5.5,16.5,119,3.6,6.1,1
2.38,2.38,2.38,7.14,41,4.4,4.7,1
0,0,1.99,1.99,278,2.1,6.1,0
0,0,0,0,250,0.4,3.3,0
21.89,26.86,30.35,79.1,274,3.1,1.1,0
0,22.66,26.14,48.8,198,1.8,1.8,0
0,2.91,4.65,7.56,264,4,8.5,0
0,0,2.91,2.91,293,2.9,11.7,0
0,0,0,0,98,3.2,7.9,0
0,0,0,0,77,3.7,4.4,0
0,0,0,0,41,3.4,0,0
0,0,0,0,146,2.5,7,0
0,0,0,0,236,2.7,11.6,0
0,0,0,0,168,4.4,11.8,0
0,0,0,0,181,3.9,8.4,0
0,0,0,0,213,3.7,9.9,0
0.61,0.61,0.61,1.83,3,1.5,5.9,0
0,1.22,16.46,17.68,121,1.5,4.2,1
0,0,0,0,22,2.9,9.9,0
0,2.44,3.66,6.1,202,2.2,0.9,0
0,4.88,15.85,20.73,156,3,8.1,0
0,0,4.88,4.88,143,2.5,6.7,0
0,0,0,0,198,2.4,8,0
0,0.49,0.49,0.98,197,2.4,6.9,0
0,0,0,0,269,2.2,5.8,0
0,0.49,0.49,0.98,191,4,2,0
0,0,0,0,253,1,8.7,0
0,5.39,8.33,13.72,205,3,8.6,0
0,0,5.39,5.39,207,0.7,7.8,0
0,14.69,14.69,29.38,45,4.8,7.7,0
0,4.31,81.19,85.5,344,1.1,0.2,0
2.12,2.12,5.83,10.07,140,1.9,0.2,0
0,0,0,0,242,1.6,5.3,0
0,0,0,0,73,4.4,2.4,0
0,0,14.84,14.84,46,2.3,3.5,0
0.71,6.39,8.52,15.62,277,3,3.5,0
0,0,0.71,0.71,335,1,3.5,0
0,0,0,0,152,2.2,3.5,0
0,0,0,0,177,2.1,3.5,0
0.71,0.71,0.71,2.13,16,2.8,3.5,0
0,0,0.71,0.71,179,3.2,3.5,0
0,0,0,0,145,3,3.5,1
0,0,0,0,101,5.1,3.5,0
0,0,0,0,146,3.1,3.5,0
0,0,0,0,113,4.2,3.5,0
0.08,0.16,0.24,0.48,263,3.4,10.1,0
0.08,0.16,0.24,0.48,158,3.2,11.4,0
0.08,0.16,0.24,0.48,75,2.2,10,0
0.18,0.36,0.74,1.28,75,0.8,9.4,0
26.63,26.85,30.34,83.82,219,2.4,8.5,0
4.36,30.99,31.21,66.56,313,1.6,11.4,0
0.25,4.61,31.24,36.1,165,2,6.6,0
45.85,48.98,49.85,144.68,15,0.8,4.7,0
0,8.8,34.03,42.83,171,3.9,10.4,0
0,0,8.8,8.8,205,1.4,7.4,0
0,0,0,0,240,1.7,9.2,0
0,13.52,14.1,27.62,216,2,11.5,0
1.34,1.34,14.86,17.54,272,4.2,3.4,0
0.56,1.9,1.9,4.36,206,3.5,12.4,0
0.28,0.84,2.18,3.3,25,2.2,0,0
0.28,0.56,1.12,1.96,191,3.6,9.1,0
0,0.28,0.56,0.84,205,2.3,0.7,0
0,0,0,0,211,2.9,12.3,0
0,0,0,0,269,2.4,11.5,0
0.5,0.5,0.5,1.5,236,6.6,9.4,0
0,0.5,0.5,1,195,1.9,11.6,0
0,0,0,0,189,2.8,5.3,0
3,3,3,9,4,1.6,6.4,0
0,3,3,6,290,3,10,0
0,0,0,0,37,2.4,12.1,0
6.24,6.24,6.76,19.24,113,1.3,0,0
1.04,1.04,7.28,9.36,72,2.9,1.8,0
0,0,1.04,1.04,270,2.1,10.5,0
0,0,0,0,25,2.1,9.1,0
11.44,11.96,22.88,46.28,13,1.7,0.4,0
0,0,0,0,241,2.3,7.7,0
0,0,0,0,216,0.8,11.3,0
0,0,0,0,34,3.3,10.7,0
0,1.62,31.13,32.75,221,3,1.7,0
7.51,7.51,7.51,22.53,234,3.1,9.4,0
0,0,0,0,262,5.2,8.5,0
0,0,24.56,24.56,291,2.4,7,0
4.84,4.84,4.84,14.52,277,3.5,2.8,0
0,1.34,6.18,7.52,235,4.3,8.9,0
0,0,0,0,211,0.3,8.5,0
0,0,0,0,114,2.7,11.5,0
0,0,0,0,206,2.8,11,0
0,0,0,0,218,2,8.1,0
0,0,0,0,223,2,1.9,0
2.46,2.46,2.46,7.38,81,1.5,0.4,0
0,21.58,24.04,45.62,83,4.2,2,0
0,0,0,0,163,3.8,11.6,0
0,0,0,0,161,1.8,12.8,0
0,0,0,0,240,0.9,12.5,0
0,0,0,0,133,2.3,10.2,0
0,0,0,0,71,4,10.3,0
0,0,0,0,89,3.7,0.5,0
0,0,0,0,102,3.6,1.7,0
0,0,0,0,50,3.4,1.6,0
0,0,0,0,313,1.5,4.2,0
0,0,0,0,61,2.9,7.9,0
7.69,8.68,8.68,25.05,23,2.2,0.1,0
7.95,22.16,29.85,59.96,40,0.5,1.3,0
0,7.95,22.16,30.11,55,2.4,0,0
0,0,0,0,96,2.2,4,0
0,0,0,0,200,3.1,6.9,0
0,0,0,0,144,0.8,4.3,0
0,0,0,0,36,2.8,2.9,0
0,4.83,4.83,9.66,23,4.6,1,0
4.29,4.29,4.29,12.87,27,3.7,0.5,0
2.68,3.22,3.22,9.12,223,1.3,3.3,0
0,0,0.61,0.61,243,2.2,3.9,0
0,4.84,4.84,9.68,259,1.3,10.3,0
0,0,1.81,1.81,217,2.9,11.4,0
0,4.44,14.32,18.76,200,2.4,12.5,0
0,0,0,0,51,2.5,5.2,0
0,0,2.47,2.47,264,2.5,6.9,0
0,0,0,0,71,2.9,7.1,0
0,0,0,0,269,1.4,9,0
0,3.31,3.86,7.17,279,2,3.7,0
0,0,1.1,1.1,244,2.2,7.2,0
0,0,0,0,212,3,8.8,0
2.76,2.76,2.76,8.28,55,4.7,0.3,0
0,1.66,30.02,31.68,154,3.1,0.2,0
0,0,0,0,290,0.6,8.8,0
0,0,0,0,81,5.1,0,0
1.32,6.12,8.66,16.1,242,1.8,5.3,0
3.11,3.39,4.82,11.32,252,1.3,6.1,0
0,0,0,0,260,0.6,5.4,0
0,0,0.72,0.72,166,0.7,9.1,0
0,2.89,3.62,6.51,318,2.1,6.9,0
0,0,0,0,262,2.2,8.9,0
3.51,4.21,4.91,12.63,14,2.9,0,0
0,0,0,0,278,1.7,3.8,0
2.11,2.11,2.11,6.33,17,4.4,2.2,0
8.42,16.14,16.14,40.7,307,1.2,9.8,0
0,0.59,0.59,1.18,128,1,11.7,0
0,0,0,0,232,3.7,2.4,0
31.99,31.99,34.36,98.34,286,6,0.5,0
0,0.6,0.6,1.2,241,4.1,11,0
12.44,12.44,12.44,37.32,25,3.2,0.6,0
16.45,16.45,16.45,49.35,231,2.1,8.4,0
0,4.7,11.16,15.86,102,4.3,2.5,0
0.59,0.59,18.21,19.39,189,3.1,12.6,0
0,0,0,0,105,3.7,0.3,0
0,0,0,0,295,3.8,0.2,0
0,0,5.75,5.75,101,1.7,10.7,0
0,0,0,0,98,2.2,0,0
0.57,3.45,8.05,12.07,226,3.3,8.7,0
0,0,1.06,1.06,273,2.6,10.1,0
3.73,3.73,3.73,11.19,133,2.6,0,0
0,0,0,0,217,1.8,0,0
0,2.66,15.97,18.63,91,2.3,9.1,0
0.56,0.56,0.56,1.68,141,2.2,10,0
0,0,0,0,136,3,10.3,0
0,0,0.55,0.55,95,3.9,1.6,0
0,0,0,0,354,1,1.5,0
0,0,0,0,178,1.2,10.3,0
0,0,0,0,323,1.7,0.4,0
0,34.08,73.31,107.39,231,3.7,6.3,0
0,0,0,0,295,2.2,2.4,0
0,0,0,0,107,4,0,0
0,0,0,0,160,1.5,8.6,0
57.08,72.43,72.43,201.94,352,0.4,2.5,1
0,0,7.37,7.37,307,0.3,5.9,0
0,0.57,1.8,2.37,173,2.2,8.8,0
9.56,11.44,16.66,37.66,288,1.9,4.2,0
26.94,27.22,43.43,97.59,150,3.2,0.1,0
0,0,0,0,226,0.3,7.2,0
0,0,0.5,0.5,76,0.6,3.1,0
0,0,4.5,4.5,217,0.4,2.2,0
0,2,3,5,306,0.4,4.2,0
0,0,0,0,191,0.9,3.8,0
0,0,0,0,298,1.2,8.4,0
12.46,24.37,34.12,70.95,334,1.3,0.3,0
0,0,2.17,2.17,269,0.7,2,0
0,0.54,5.42,5.96,251,1,8.3,0
20.77,20.77,21.93,63.47,25,0.3,6.6,1
0,2.3,4.03,6.33,191,3.5,9.8,0
0,1.73,2.31,4.04,18,1.3,4,0
0,0,0,0,103,4.1,2.6,0
36.68,42.15,42.15,120.98,51,1.6,8,1
0,0,0,0,112,2.2,9.9,0
0,0,0,0,47,1.6,10.5,0
0,0,0,0,71,2.1,9.6,0
11.5,11.5,11.5,34.5,302,1.7,2.6,0
0,4,4.5,8.5,263,1.9,7.1,0
0,18.5,20,38.5,238,5,2.3,0
4.5,4.5,5,14,6,2.4,7.9,0
0,22.41,22.41,44.82,266,4.1,4.9,0
0,0,0,0,20,3.3,3.4,0
0,0,0.58,0.58,75,4,1.6,0
0,0,3.45,3.45,25,3,7.1,0
6.89,7.47,7.47,21.83,22,2.3,5.5,0
0,1.15,5.17,6.32,213,2.2,0,0
0.58,0.58,0.58,1.74,2,1,0.3,0
0,0,0,0,58,1.3,12.8,0
0.58,0.58,1.16,2.32,16,2.1,0,0
2.32,6.96,23.75,33.03,280,2.5,11.9,0
0,0,0,0,178,1.3,11.9,0
0,0,0,0,120,3.1,11.9,1
0,0.57,5.66,6.23,263,1.4,5.7,0
10.18,22.06,22.06,54.3,257,3.3,10.5,0
0,0,0,0,287,2.3,10.1,0
0,0,0,0,145,2.2,7.7,1
0,0,1.13,1.13,169,1.1,10.3,0
0,0,0,0,90,3.9,5.4,0
0,0,6.46,6.46,281,2.6,10.2,0
0,0,3.52,3.52,142,2.4,6.4,0
0,1.17,4.11,5.28,243,1.8,10,0
0,0,2.35,2.35,197,1.6,10.2,0
0,0,0,0,260,0.7,9.3,0
0,0.59,3.52,4.11,282,1,7.5,0
0,0,0,0,245,2,4.9,0
0,0,0,0,199,1.2,1.5,0
7.17,13.15,13.15,33.47,21,1.3,2.8,0
8.96,25.68,30.46,65.1,259,4.3,2.6,0
0.6,2.39,4.18,7.17,250,2.6,0.1,0
0,1.8,6.6,8.4,273,4.4,2,0
25.8,30,30,85.8,202,1,0,0
0,0,6,6,283,1,6.6,0
0,13.36,16.84,30.2,14,2.1,0.7,0
5.23,11.04,27.29,43.56,275,1.5,3.5,0
1.74,1.74,1.74,5.22,250,1.1,3.7,0
0,0,0,0,208,1.3,8.7,0
0,2.32,3.48,5.8,262,1.6,0.9,0
10.64,23.07,23.07,56.78,358,0.9,3.9,0
0.59,0.59,2.37,3.55,258,3.3,8.8,0
0,11.24,11.24,22.48,262,3.3,1.5,0
7.5,7.5,7.5,22.5,351,1.7,5.2,0
0,0,0,0,346,1.9,0,0
2,2,2,6,238,4.1,6.4,0
0,0,7,7,230,5.5,7.3,0
0,0,0,0,101,1.8,11.3,1
18.2,18.2,23.17,59.57,19,2.5,0.1,0
0,0,0,0,228,2.3,11.4,0
6.07,11.03,28.13,45.23,284,2.7,8.3,0
6,6,6,18,274,4.2,9.9,0
9.68,10.33,10.33,30.34,321,1.8,0.8,0
5.81,5.81,5.81,17.43,21,2.4,0,0
0,0,0,0,236,2.2,1.7,0
0,0,0,0,73,3.8,12.3,0
22.43,44.86,44.86,112.15,56,4,0.1,0
0,0,0,0,249,2.1,12,0
0,0,0,0,290,2.2,6.2,0
0,1.08,1.08,2.16,244,3.5,10.9,0
0,0,0,0,212,2.4,9.9,0
1.75,12.82,12.82,27.39,242,1.2,0,0
0,0,22.14,22.14,140,1.6,10.2,0
9.05,115.25,127.32,251.62,191,3.1,11.5,0
0,0,0,0,74,3.1,9.2,0
0,0,11.54,11.54,245,1.5,7.6,0
0,0,0,0,54,2.5,4.6,0
0,0.54,0.54,1.08,185,2.6,3.8,0
5.94,22.71,22.71,51.36,16,3.3,0.6,0
0,1.08,5.41,6.49,243,0.9,4.4,0
0,0,0,0,353,0.6,1.8,0
0,5.1,23.8,28.9,188,2.9,8.3,0
16.43,35.7,53.84,105.97,342,0.9,6.4,1
0,2.27,2.84,5.11,263,2.2,3.6,0
2.26,4.53,4.53,11.32,238,1.9,5.6,0
0,14.19,14.78,28.97,324,1,0.7,0
0,0,0,0,18,0.4,0.2,0
0,0,0,0,241,0.6,7.7,0
25.42,29.56,36.06,91.04,155,1.3,3.8,1
0,0,0,0,226,0.3,6.7,0
0.54,0.54,13.7,14.78,144,2.8,7.4,0
0,9.87,9.87,19.74,244,1.6,3.2,0
1.68,15.68,15.68,33.04,242,4.6,4.5,0
2.8,5.6,6.16,14.56,207,1.9,10,0
0,0,1.12,1.12,254,2.7,4.5,0
3.36,3.36,20.16,26.88,229,2.1,4.4,0
0.56,21.29,21.85,43.7,259,3.9,3.3,0
0,0,0,0,72,2.3,2.1,0
0,2.25,10.7,12.95,186,2,11.5,0
0,0,0,0,101,3.5,9.5,0
0,7.31,7.31,14.62,252,3.3,8.6,0
0,12.53,18.5,31.03,206,1.9,11.3,0
0,0,0,0,266,3.7,6.7,0
0,0,0,0,226,1.1,12.8,0
16.72,36.41,36.41,89.54,244,3.9,1.4,0
0,0,0,0,220,2.9,8.6,0
0,0,0.59,0.59,147,3.5,12.6,0
0,0.59,0.59,1.18,338,1.7,0.8,0
4.74,18.37,18.37,41.48,236,3.9,7.1,0
3.35,3.35,3.35,10.05,334,0.9,0.5,0
0,0,0,0,237,2,7.5,0
1.11,23.98,35.13,60.22,180,2.4,9.9,1
3.9,7.25,7.25,18.4,58,1,8.1,0
0.51,26.05,26.05,52.61,234,4.5,3.7,0
0,0,0,0,234,4.5,7.8,0
0,5.1,18.9,24,234,4.5,4.2,0
0,0.51,0.51,1.02,234,4.5,9.9,0
0,0,0,0,234,4.5,10.8,0
0.5,1.5,1.5,3.5,234,4.5,8.9,0
0,0,0,0,234,4.5,11.6,0
0,0,0,0,234,4.5,1,0
0,0,0,0,234,4.5,0.9,0
2.93,2.93,6.45,12.31,254,2.6,9.8,0
1.17,12.91,14.67,28.75,202,2.2,3.3,0
0,0.59,0.59,1.18,64,2.8,10,0
0,0,0,0,252,1.9,9.6,0
0,0.52,12.47,12.99,252,1.2,9.1,0
7.28,7.28,7.28,21.84,228,1.7,10.1,0
0,0,0,0,300,1.7,0.3,0
0,0,7.53,7.53,252,1.7,7,0
16.82,22.04,22.04,60.9,301,2.5,4.5,0
0,0,0,0,44,4.4,0,0
0,0,0,0,292,2.9,4,0
0,0,1.16,1.16,346,1,12.3,0
0,0,0,0,213,3.1,11.5,0
0,0,0,0,94,2.2,12,0
0,0.59,1.77,2.36,179,2.4,8.7,0
0,0,2.36,2.36,253,1,10.2,0
10.04,10.04,10.04,30.12,312,1.1,5.3,0
0,0,3.54,3.54,239,1.2,11.8,0
0,0,0,0,358,0.8,8.3,0
0,0,0,0,241,0.6,3.4,0
0,6,6,12,66,0.6,9.4,0
3.75,3.75,4.5,12,314,1.1,8,0
0.73,0.73,0.73,2.19,67,3,2.7,0
0,0,0,0,74,2.4,12.4,0
0,0,0,0,236,2,4.4,0
0,0,9.63,9.63,84,1.5,4.5,0
0,0,0.61,0.61,275,2.4,2.7,0
0,0,0,0,248,1.5,12.3,0
0,3.53,4.13,7.66,248,1.9,8.8,0
0,0,0,0,52,4.2,0.3,0
1.77,8.24,14.71,24.72,246,6.6,10.2,0
4.71,4.71,4.71,14.13,81,1.6,11.6,0
2.94,3.53,4.71,11.18,250,2.6,11.3,0
0,0,0,0,266,1.2,13.3,0
6.76,6.76,6.76,20.28,354,1.4,0.3,0
0,2.9,2.9,5.8,95,4.5,1.9,1
0,0,0,0,221,0.6,8.1,0
0,0.56,0.56,1.12,248,2.7,11,0
0,0,0,0,212,3.4,9.9,0
0,0,0,0,247,0.4,10.8,0
0,0,0,0,195,1.6,4.4,0
0,0.53,7.44,7.97,76,1.7,7.2,0
0,1.07,4.29,5.36,205,0.5,6.7,0
0,2.69,5.91,8.6,255,1.4,4.5,0
5.43,15.69,39.22,60.34,243,2,8.1,0
0,0.6,6.64,7.24,240,2,6.1,0
10.03,10.03,18.95,39.01,273,4.3,11.3,0
0,0,0,0,264,4.1,7.7,0
0,1.12,5.02,6.14,270,2.2,7.1,0
0,0,0,0,164,2,5.3,0
0,0,0,0,264,5.3,5.9,0
0,15.62,23.44,39.06,247,5,7.2,0
4.17,4.17,4.17,12.51,260,2.5,2.8,0
0,0,0,0,172,1.9,13,0
18.31,24.41,24.41,67.13,291,2.5,1,0
0,0,0,0,236,2.4,0.2,0
0,0,0,0,262,2.5,0,0
0,6.1,23.39,29.49,246,1.6,12.3,0
1,1,1,3,85,4.2,5,0
0,0,0,0,251,1.8,10.6,0
0,0,0,0,186,1,3.3,0
1,1,1,3,171,1.4,0.8,0
0,0,0,0,12,1,8.7,1
0,0,0,0,257,1.4,7.8,1
0,0,0,0,304,0.7,7,0
0,2.13,22.39,24.52,245,2.2,5.9,0
6.62,6.62,6.62,19.86,257,5.9,7.9,0
0,0,0,0,252,1.6,6.6,0
0,0,0,0,180,2,4.4,0
1.36,1.36,1.36,4.08,56,2.8,0.1,0
0,0,0,0,59,3.3,5.4,0
18.08,24.4,24.4,66.88,299,2.4,0.6,1
0,18.08,24.4,42.48,235,3.4,6.5,0
0.9,4.07,6.33,11.3,248,3.1,10.7,0
0,0,0,0,245,0.4,11.9,0
5.46,5.82,5.82,17.1,350,1.4,3,1
0,5.46,5.82,11.28,204,3.1,7,0
0,0,0,0,169,2.4,11,0
0,1.45,10.18,11.63,229,1.8,3.6,0
0,0,0,0,190,2.6,10.7,0
0,0,0,0,144,2.6,12.3,0
0.48,5.34,5.34,11.16,185,2,9,0
0,1.46,1.46,2.92,88,2.8,8.3,0
0,0,1.46,1.46,91,3.6,9.1,0
0,0,0.97,0.97,251,2.4,9.1,0
1.76,7.73,7.73,17.22,119,4.1,6.4,0
0,0,0,0,256,1.2,5.5,0
0,0,0,0,81,3,5.3,0
0,0,0,0,84,3.3,6.3,0
0,2.81,3.17,5.98,251,1.2,8.9,0
0,0,0,0,176,1.4,9.4,0
4.56,5.57,38.98,49.11,260,1.6,3.1,1
0.51,5.07,6.08,11.66,247,2.4,2.8,0
2.02,2.02,2.02,6.06,261,2.4,2.7,0
0,0.47,0.94,1.41,232,2.6,5.8,0
0,14.1,25.37,39.47,269,2,7.2,0
0,0.52,2.03,2.55,308,1.5,10.7,0
1.04,15.61,15.61,32.26,226,2.5,4.8,0
0,0.52,1.04,1.56,234,3.5,10.7,0
0,0,3.12,3.12,116,4,4.4,0
7.29,13.53,13.53,34.35,261,2.8,4.3,0
0,0,0,0,199,1.7,12.9,0
0,0,0,0,117,2.4,11.1,0
0,0,2.5,2.5,176,2.1,12.3,0
0,0,0,0,208,0.9,12.1,0
0,0,0,0,238,0.9,10.3,0
0.51,2.04,2.04,4.59,281,1.3,8.7,0
0,0,0,0,17,1,7.1,0
0,0,0,0,144,1.9,7.7,0
0,0,0,0,131,2.2,9.7,0
1,1,1.5,3.5,231,3.3,6,0
0,0,0,0,215,0.3,9.4,0
0,0,0,0,254,0.5,11.4,0
0,0,0,0,141,2.7,6.3,0
0,0,1.36,1.36,250,1.6,11.3,0
0,0,0,0,297,1.6,6.1,0
0,0,0,0,262,3.5,5.3,0
0,1.36,6.79,8.15,277,6.1,8.3,0
6.37,11.27,11.27,28.91,58,5,2.9,1
3.92,12.74,16.66,33.32,148,2.4,1.2,0
0,0,0,0,65,5,3.3,0
1.47,30.87,85.25,117.59,306,3,2.4,1
0.98,2.45,31.85,35.28,245,3.5,4.4,0
2.94,2.94,3.92,9.8,16,1.6,6.9,0
0,3.43,7.84,11.27,305,1.3,9.6,0
0,0,0.49,0.49,131,1.8,9.4,0
0,0,1.77,1.77,195,2,12.5,0
0,0,0,0,57,3.2,9.3,0
0,0,0,0,146,2.7,12.4,0
0,10.16,11.93,22.09,343,0.8,7,1
0.44,16.79,16.79,34.02,239,0.6,9.9,0
8.84,8.84,8.84,26.52,10,0.7,6.3,1
15.46,16.35,25.19,57,12,1.5,0.6,0
3.98,3.98,3.98,11.94,247,0.7,3.9,0
0,0.95,0.95,1.9,145,3.5,4.3,1
0,27.21,27.21,54.42,141,3.6,9.2,0
0,23.86,25.76,49.62,208,3.2,9.2,0
3.82,37.23,67.29,108.34,63,3.7,0,1
0.48,31.02,34.84,66.34,294,1,8.4,0
0,0,10.97,10.97,230,0.6,10.1,0
0,0,0,0,189,1.8,7.3,0
3.43,4.29,4.29,12.01,181,1.5,4.4,0
0,0,1.28,1.28,143,2.6,10.9,0
0,0,0,0,237,3.7,9,0
0,2.14,2.14,4.28,102,1.4,1.6,0
0,0,0,0,164,1.3,5.2,0
0.86,0.86,0.86,2.58,40,2.6,1.1,0
0.22,0.67,2.24,3.13,47,1.6,0.1,0
0,0,0.45,0.45,323,1.3,11.4,0
0,0,0,0,290,0.8,11.4,0
0,0,0,0,307,2.4,11.4,0
0,0,0,0,205,3.6,11.4,0
0,0,0,0,121,2.6,11.4,0
0,0,2.78,2.78,179,0.4,11.4,0
0,0,0,0,251,1.2,11.4,0
0,0,0,0,117,0.6,11.4,0
0,0,0,0,85,2.4,11.4,0
0,0,0.17,0.17,249,1,2,0
0,0,0,0,166,1.4,10.5,0
0,0,1.21,1.21,142,1.5,8.2,0
0,0,0,0,237,0.5,8.7,0
2.89,2.89,2.89,8.67,50,3.9,4.3,0
0,0,0,0,56,1.7,6.2,0
0,0,0,0,108,1.6,2.8,0
0.84,0.84,0.84,2.52,37,2,6.5,0
0,0,0,0,237,2.4,2.8,0
0,0,0.48,0.48,231,2.3,5.5,0
0,0,0,0,190,3.1,10.4,0
6.77,37.69,37.69,82.15,357,1.3,8.2,0
0,0,2.42,2.42,51,2.4,12.5,0
0,0,0,0,271,2.4,5.2,0
0,6.76,9.18,15.94,291,2.2,6,0
0,6.28,6.28,12.56,165,3.2,12.7,0
0,0,0,0,298,1.3,1.9,0
0,0,0,0,217,2.1,6,0
0,0,0,0,79,3,8.6,0
0,0,0,0,236,1.1,9.3,0
0.52,2.07,2.07,4.66,247,1.5,10.1,0
0,0,0,0,221,0.6,7.9,0
0,0.94,2.81,3.75,300,1,8.2,0
0,0,0,0,251,1.2,7.3,0
9.43,9.43,9.93,28.79,329,2.4,2,0
0,0,0,0,264,3.4,5.1,0
0,9.44,19.37,28.81,31,2.6,9.4,0
0.99,0.99,1.49,3.47,249,2.2,2.3,0
1.01,1.01,1.52,3.54,251,2.4,5.5,0
0,0,0,0,19,1.8,0,0
13.73,23.9,23.9,61.53,282,2,1.7,0
0,9.66,10.68,20.34,199,2,11.4,0
0,0,0,0,87,2.3,8.4,0
0,0,0,0,293,0.6,12.4,0
0,0,0,0,192,3.2,10,0
0,0,1.03,1.03,261,1.2,11.7,0
0.5,0.5,0.5,1.5,66,2.4,5,0
0.5,2,2.5,5,257,3.1,7.8,0
0,0,0,0,185,2.4,5,0
0,1,1,2,252,1.3,11.5,0
0,0,0.5,0.5,104,3,3.9,1
0,0,0,0,243,0.6,8.4,0
0,0,0,0,106,3,1,0
0,0.5,3,3.5,233,0.7,9.6,0
35.82,35.82,35.82,107.46,204,3.1,2.5,0
6.87,6.87,6.87,20.61,46,2,6.3,1
0.49,22.57,29.44,52.5,5,0.7,3.5,1
5.4,10.8,18.65,34.85,271,1.6,6.5,0
0,0,0,0,281,1.6,3.7,0
0,0,0,0,239,2.7,3.6,0
1.99,2.49,2.49,6.97,56,5.2,5,0
0,0,0,0,268,1.8,8.8,0
0,0,0,0,63,3.7,0,0
0,0,0.5,0.5,216,3.3,6.4,0
0,0,0,0,256,2.9,6.3,0
0,0,0,0,244,2.4,11.6,0
0,0,0,0,217,3,11.3,0
0,0,23.45,23.45,82,3.6,7.5,0
0.5,5.99,5.99,12.48,250,2.2,10.5,0
12.47,15.97,15.97,44.41,331,1.1,10.8,0
0,1.5,1.5,3,258,1.2,7.1,0
0,0,0,0,288,1.4,7.2,0
0,0,0,0,183,2.2,9.9,0
0.5,0.5,0.5,1.5,63,4.4,0.5,0
0,0,0,0,258,0.6,10,0
1.99,9.98,36.43,48.4,152,2.6,9.8,0
1,1,1,3,211,2.1,9.5,0
0,0,0,0,230,0.8,5.1,0
0.97,0.97,2.44,4.38,77,5.1,3.1,0
0,0,0,0,224,0.9,10.2,0
0.48,1.93,3.38,5.79,311,2.2,9.2,0
0,13.53,34.3,47.83,212,2.5,10.5,0
9.17,10.62,10.62,30.41,263,3.4,6.2,0
0,0,0.48,0.48,210,2.5,11.8,0
0,0,1.93,1.93,265,1.3,1,0
0,0,0,0,43,2.2,11,0
0,0,2.46,2.46,258,3.1,5.8,0
0,0.49,0.49,0.98,190,2,12.4,0
0,0,0,0,261,3.6,9.4,0
0,2.96,6.9,9.86,201,3.3,11.3,0
0,0,0,0,211,3.4,11.6,0
0,2.99,23.89,26.88,223,2,8.6,0
0,0,0,0,286,2.8,11,0
0,0,0,0,261,4,6.4,0
0.5,5.48,5.97,11.95,179,2.4,6.6,0
0,0.5,1.49,1.99,76,2.9,10.8,0
0,0,0,0,225,0.5,5.1,0
0,0.99,0.99,1.98,243,1.1,7.4,0
0,0,4,4,194,1.7,11.1,0
0,0,0,0,239,2.7,4.9,0
0,27.5,32,59.5,280,1.2,1.7,0
3,11,11,25,115,5.9,0.6,0
18.5,19,22,59.5,18,5.9,0,1
1.5,1.5,1.5,4.5,172,1.7,1.6,0
6.5,8,8,22.5,5,4.1,3.7,0
0,1,4,5,261,3.1,2.8,0
26,26.5,34,86.5,276,2.8,6.1,0
8,12.5,12.5,33,230,1.2,5.5,0
9.17,13.67,37,59.84,200,1.5,1.8,0
0,0,0.33,0.33,230,5.7,8.5,0
2.5,2.5,2.5,7.5,320,3.6,11.7,0
0,0,0,0,130,4.1,7.9,0
0,0,0,0,100,3.6,4.4,0
17.67,23.17,23.17,64.01,30,3.6,0,0
0,0,0,0,140,3.1,7,0
0,0,0,0,180,1.5,11.6,0
0,0,0,0,150,6.2,11.8,0
0,0,0,0,210,4.1,8.4,0
0,0,0,0,210,4.1,9.9,0
7,7.83,7.83,22.66,10,4.6,5.9,0
0,0,10.67,10.67,110,2.1,4.2,0
0.67,1,1,2.67,30,6.2,9.9,0
7,7.67,16.67,31.34,160,3.1,0.9,0
0,0,14,14,140,2.6,8.1,0
0,0,0,0,140,5.7,6.7,0
0,0,0,0,140,2.6,8,0
0,0,0,0,140,4.1,6.9,0
0.83,0.83,0.83,2.49,100,0.5,5.8,0
0,1.67,2.5,4.17,160,5.1,2,0
0,0,0,0,70,1,8.7,0
0.67,2.34,13.67,16.68,150,3.6,8.6,0
0,0.67,2.34,3.01,0,0,7.8,0
0,0,0,0,50,3.6,7.7,0
12.83,19.16,33.16,65.15,350,4.1,0.2,0
14.67,19.67,20,54.34,150,2.6,0.2,0
0,0.33,1.83,2.16,270,5.1,5.3,0
0,0,0,0,60,4.6,2.4,0
0.33,1.83,2.5,4.66,40,2.6,3.5,0
0,2.33,7.16,9.49,250,6.7,3.5,0
3.33,4,4,11.33,30,2.1,3.5,0
4,7.33,8,19.33,130,2.1,3.5,0
0.83,4.83,8.16,13.82,160,3.1,3.5,0
0,0,0,0,20,3.6,3.5,0
0,0,0,0,170,3.6,3.5,0
0,0,0,0,130,4.6,3.5,0
0,0,0,0,150,3.6,3.5,0
0,0,0,0,130,6.2,3.5,0
0,0.67,28.34,29.01,250,7.2,10.1,0
1.33,18,32,51.33,150,4.1,11.4,0
0,1.33,18,19.33,120,1.5,10,0
1.67,2.5,2.83,7,20,3.6,9.4,0
0,2,3,5,180,3.1,8.5,0
0.67,0.67,2.67,4.01,330,2.1,11.4,0
6,6.67,6.67,19.34,150,2.6,6.6,0
1.33,10.5,24.17,36,10,1.5,4.7,0
0.33,16.83,25.33,42.49,200,2.6,10.4,0
0,0.33,16.83,17.16,170,2.6,7.4,0
0,0,0.33,0.33,60,1.5,9.2,0
1,1,11,13,190,3.1,11.5,0
2,3,3,8,230,7.7,3.4,0
0,2,3,5,180,5.7,12.4,0
0,0,2,2,20,2.1,0,0
0.83,0.83,0.83,2.49,170,3.6,9.1,0
1.67,2.5,2.5,6.67,120,2.1,0.7,0
0,0,0,0,210,2.6,12.3,0
0.33,0.33,0.33,0.99,260,2.6,11.5,0
0,2.67,4.34,7.01,230,11.8,9.4,0
0,0,2.67,2.67,180,1.5,11.6,0
5,7.5,7.5,20,170,2.6,5.3,0
2,2,7.67,11.67,360,4.1,6.4,0
4,6,6,16,320,2.6,10,0
0,0,0,0,40,2.6,12.1,0
7.67,9.67,10.17,27.51,10,2.6,0,0
0.67,12.34,20.01,33.02,50,2.6,1.8,0
0,0,0.67,0.67,240,1,10.5,0
2.83,3,3,8.83,360,3.6,9.1,0
40.67,72.67,79.17,192.51,250,4.1,0.4,0
0,0,0,0,190,3.1,7.7,0
3.17,3.17,3.17,9.51,140,1,11.3,0
4.83,13.16,16.33,34.32,40,4.1,10.7,0
3,6.83,39.33,49.16,180,5.1,1.7,0
0.67,15.67,23,39.34,210,6.7,9.4,0
0,0,0,0,250,7.7,8.5,0
0.51,4.62,4.62,9.75,151,3,5.1,0
0.5,0.5,0.5,1.5,247,12.1,8.6,0
0,0,0,0,242,0.1,6.9,0
0,3.75,3.75,7.5,176,2.2,12.5,0
0,1.6,1.6,3.2,194,4,8.7,0
0,0,0,0,56,5.9,8.8,0
0.51,0.51,0.51,1.53,204,7.7,11.8,0
0.53,0.53,2.11,3.17,297,1.9,13.3,0
0.95,0.95,0.95,2.85,215,9.4,5,0
0,0,0,0,156,1.8,10.5,0
0,0,0,0,203,6.7,14.1,0
4.63,4.63,4.63,13.89,77,5.1,2.8,0
0,0,1.09,1.09,69,4.2,9.1,0
0,18.43,23.7,42.13,248,2.8,7.2,0
0,3.69,34.22,37.91,225,6.2,3.2,0
0,0,0,0,132,1.7,11.1,0
1.07,4.8,4.8,10.67,42,1.3,7.7,0
0,0,0.67,0.67,130,2.4,12.2,0
0,0,0.52,0.52,254,1.8,11.3,0
1.05,1.05,1.05,3.15,237,6.4,7.7,0
1.61,1.61,1.61,4.83,246,6.3,5.3,0
0,3.74,9.08,12.82,284,9.1,8.3,0
5.87,13.88,13.88,33.63,55,5.9,2.9,0
9.07,24.01,27.75,60.83,132,3,1.2,0
0,0,0,0,57,7.1,3.3,0
4.8,6.4,9.6,20.8,13,3.5,6.9,0
5.87,6.94,26.68,39.49,324,3.9,0,0
0,0,0.52,0.52,96,1.5,9.4,0
0,2.63,3.68,6.31,197,2.3,12.5,0
0,0,0,0,31,3,9.3,0
0,0,0,0,204,1.8,12.4,0
2.63,18.39,20.49,41.51,338,1.9,7,0
3.15,3.15,3.15,9.45,21,2.6,6.3,0
0,1.58,3.68,5.26,296,1.6,3.9,0
0,0,0,0,142,3.2,4.3,0
0,19.23,19.77,39,210,7.5,9.2,0
5.35,37.93,56.09,99.37,56,5.3,0,0
0,0,18.16,18.16,255,0.6,10.1,0
0,0,0.52,0.52,166,2,7.3,0
0,3.56,3.56,7.12,169,2,4.4,0
0,0,6.1,6.1,140,1.9,10.9,0
0,0,0,0,219,7.4,9,0
0,7.12,7.12,14.24,9,0.9,1.6,0
0,1.53,1.53,3.06,33,1.1,5.2,0
1.01,1.01,1.01,3.03,28,5.3,1.1,0
0.5,1.51,11.12,13.13,31,4.5,0.1,0
0,0,0,0,221,8.2,11.4,0
0,0,0,0,328,5.6,11.4,1
3.54,4.55,4.55,12.64,271,6.6,11.4,1
0,1.52,1.52,3.04,207,7,11.4,0
0,0,0,0,103,1.3,11.4,0
0,0,11,11,326,0.4,11.4,0
0,0,0,0,317,0.9,11.4,0
0,0,0,0,220,1,11.4,0
0,0,0,0,115,1.5,11.4,0
0.5,0.5,4,5,67,1.3,2,0
0,0,0,0,292,0.4,10.5,0
0,7.59,10.84,18.43,99,1.2,8.2,0
0,0,0.54,0.54,99,0.3,8.7,0
3.71,3.71,4.24,11.66,31,6.2,4.3,0
0,0,0.53,0.53,226,7.9,6.2,0
0,0,0,0,139,0.9,2.8,0
1.59,1.59,1.59,4.77,37,4.2,6.5,0
34.42,34.42,34.42,103.26,62,6.2,0,0
0,0.53,3.71,4.24,228,6.5,2.8,0
0,3.09,3.09,6.18,226,6.3,5.5,0
0,0.52,0.52,1.04,176,2.9,10.4,0
6.18,18.55,18.55,43.28,350,3.6,8.2,0
0,0.51,2.57,3.08,51,3.3,12.5,1
0,0,0.51,0.51,279,4.1,8.5,0
0.52,1.55,3.09,5.16,227,9.3,8.6,0
10.83,12.37,12.37,35.57,50,3.6,0.6,0
0,25.77,25.77,51.54,149,3.7,12.7,0
0,0,0,0,324,1.6,1.9,0
0,0,0,0,220,5.9,6,0
0,0,0,0,60,4.2,8.6,0
0,0,1.03,1.03,178,2.7,9.3,0
1.03,6.71,6.71,14.45,251,1.9,10.1,0
0,0,0,0,12,0.4,7.9,0
0,3.09,4.12,7.21,354,1.5,8.2,0
0.52,1.03,2.07,3.62,278,1.9,7.3,0
8.47,8.47,8.47,25.41,340,6.4,2,0
0,0,0,0,262,2.9,9,0
0.53,11.16,14.88,26.57,259,7.1,9.4,0
1.59,1.59,4.78,7.96,230,4.4,2.3,0
2.66,2.66,5.31,10.63,233,8,5.5,0
0.53,3.19,3.19,6.91,8,3.2,0,0
0,5.32,51.02,56.34,80,4.1,0,0
0,4.75,5.28,10.03,205,3.7,11.4,0
0,0,0,0,81,1.5,8.4,0
0,0,0,0,209,2.2,11,0
0,0,0,0,198,4.4,10,0
1.05,2.11,2.64,5.8,284,1.6,11.7,0
0,0,1.05,1.05,123,3.3,10.6,1
0,0,0,0,59,2.9,9.3,0
0,0,0,0,140,0.8,5,0
6.34,13.21,17.96,37.51,266,4.8,7.8,0
0,0,0,0,152,2.3,5,0
0,0,0,0,317,1.2,9.8,0
0,3.17,5.28,8.45,117,2.2,3.9,1
0,0,0,0,160,1,8.4,0
0,0,0,0,81,2.5,1,0
0,3.71,3.71,7.42,47,0.9,4.7,0
25.44,25.44,25.44,76.32,199,4.6,2.5,0
21.2,21.2,21.2,63.6,46,3.8,6.3,0
3.17,10.59,13.77,27.53,261,6.2,6.5,0
0,0,0,0,306,2,3.7,0
0,0,0.55,0.55,232,6.7,3.6,0
0.55,1.11,30.42,32.08,219,7.6,9.2,0
0.56,0.56,0.56,1.68,269,1.1,7,0
0,0,0,0,53,3.6,0,0
0,0,0.55,0.55,220,8.8,6.4,0
0,0,0,0,248,5.2,6.3,0
0,0,0,0,234,7,11.6,0
0,0,0,0,213,7.5,11.3,0
0,1.06,18.58,19.64,102,1.9,7.5,0
1.06,2.65,2.65,6.36,225,5.5,10.5,0
15.92,18.58,18.58,53.08,336,3.2,10.8,0
0,0,0,0,78,1.2,3.4,0
0,0,36.48,36.48,314,1,7.2,0
0,0,8.04,8.04,130,1.2,0.5,0
0,0,0,0,60,5,0.5,0
0,0,0,0,24,2.5,6.1,0
18.78,61.69,77.78,158.25,166,1.5,1,0
1.61,1.61,1.61,4.83,215,5.9,9.5,0
0,0,0,0,308,1.2,5.1,0
0,0,0,0,57,8.8,0.1,1
0,8.49,8.49,16.98,204,1,3,0
0,0.53,0.53,1.06,178,1.3,10.2,0
1.06,1.06,2.13,4.25,328,5.5,9.2,0
0,15.44,33.53,48.97,221,6.1,10.5,0
5.85,13.3,13.3,32.45,271,5.5,6.2,1
5.33,19.7,25.55,50.58,176,2.6,7.4,0
0,0,0.53,0.53,216,5.9,11.8,0
0,0.53,4.26,4.79,278,2.6,1,0
0,0,0,0,26,2.6,11,0
0,0,7.65,7.65,265,5.7,5.8,1
0,0,1.64,1.64,62,1.3,10.6,0
0,5.46,5.46,10.92,198,4,12.4,0
2.19,2.19,2.19,6.57,250,5.1,9.4,0
1.09,4.92,6.01,12.02,232,7.6,11.3,0
0,0,0,0,220,8.5,11.6,0
0,2.73,27.32,30.05,222,5.3,8.6,0
0,0,0,0,307,2.7,11,0
0,0,0,0,271,4.3,6.4,0
0,0,0.55,0.55,115,1.2,10.8,1
0,0,0,0,312,1.3,10.5,0
0.54,1.08,1.08,2.7,108,1.1,5.1,0
3.79,3.79,3.79,11.37,68,2.7,0,0
1.08,2.71,3.79,7.58,169,2.5,11.1,0
0,0,0,0,221,7.6,4.9,0
57.9,67.64,82.25,207.79,290,4,0,0
0,0,0,0,60,3.2,12.5,0
0,0,0,0,244,4.6,4.1,0
21.5,21.5,21.5,64.5,35,8.6,0,1
0,0,0,0,58,2.7,10.8,0
12,12,12,36,33,10.4,0,1
26,29.5,48.5,104,32,4.3,0.1,1
6.5,9,9,24.5,128,3,4.2,0
12.5,14,14,40.5,269,0.8,7.4,0
2.5,20,25,47.5,114,1.3,6.4,0
0,2.5,20,22.5,32,3.3,4.7,0
1,1,3.5,5.5,5,2.8,3.5,0
7,8,8,23,33,1.3,5.5,0
0.5,7.5,8.5,16.5,265,3.9,5.6,0
13,18,23,54,321,2.4,5,0
11.5,24.5,29.5,65.5,324,3,5.5,0
14,25.5,38.5,78,300,5.3,1.1,0
9,23,34.5,66.5,259,7.3,4.7,0
17.5,26.5,40.5,84.5,275,7.5,3.5,1
0.17,23.2,29.47,52.84,198,1.8,1.8,0
0.58,3.54,5.66,9.78,264,4,8.5,0
0,0.58,3.54,4.12,293,2.9,11.7,0
0,0,0,0,98,3.2,7.9,0
0,0,0,0,77,3.7,4.4,0
0,0,0,0,41,3.4,0,0
0,0,4.67,4.67,146,2.5,7,0
0,0,0,0,236,2.7,11.6,0
0,0,0,0,168,4.4,11.8,0
0,0,0,0,181,3.9,8.4,0
0,0,0,0,213,3.7,9.9,0
0.35,0.35,0.35,1.05,3,1.5,5.9,0
0,2.1,14.04,16.14,121,1.5,4.2,0
0,0,0,0,22,2.9,9.9,0
0,9.89,12.03,21.92,202,2.2,0.9,0
0,3.45,17.11,20.56,156,3,8.1,0
0,0,3.45,3.45,143,2.5,6.7,0
0,0,0,0,198,2.4,8,0
0,2.93,2.93,5.86,197,2.4,6.9,0
0,0,0,0,269,2.2,5.8,0
0.04,2.11,2.11,4.26,191,4,2,0
0,0,0.04,0.04,253,1,8.7,0
0.23,8.97,14.76,23.96,205,3,8.6,0
0,0.23,8.97,9.2,207,0.7,7.8,0
0.1,10.73,10.86,21.69,45,4.8,7.7,0
4.17,9.31,49.07,62.55,344,1.1,0.2,0
2.32,2.32,5.18,9.82,140,1.9,0.2,0
0,0.21,0.25,0.46,242,1.6,5.3,0
0.72,0.72,13.98,15.42,46,2.3,3.5,0
0.5,8.32,10.09,18.91,277,3,3.5,0
0,0,0.5,0.5,335,1,3.5,0
0.29,0.29,0.29,0.87,152,2.2,3.5,0
0.83,1.12,1.12,3.07,177,2.1,3.5,0
0.39,0.39,0.39,1.17,16,2.8,3.5,0
0,0,0.39,0.39,179,3.2,3.5,0
0,0,0,0,145,3,3.5,0
0,0,0,0,146,3.1,3.5,0
0,0,0,0,113,4.2,3.5,0
0,0,0.99,0.99,263,3.4,10.1,0
0,0,0,0,303,2,7.6,0
0,0.13,4.48,4.61,75,2.2,10,0
0,0,0.56,0.56,75,0.8,9.4,0
3.74,3.74,3.74,11.22,219,2.4,8.5,0
0,3.74,3.74,7.48,313,1.6,11.4,0
0,0,3.74,3.74,165,2,6.6,0
9.76,15.48,41.01,66.25,15,0.8,4.7,0
0,6.35,26.7,33.05,171,3.9,10.4,0
0,0,6.35,6.35,205,1.4,7.4,0
0,0,0,0,240,1.7,9.2,0
0,14.19,14.23,28.42,216,2,11.5,0
0,0,14.19,14.19,272,4.2,3.4,0
0.86,0.86,0.86,2.58,206,3.5,12.4,0
0.48,1.34,1.34,3.16,25,2.2,0,0
0.64,1.12,1.98,3.74,191,3.6,9.1,0
0,0.64,1.12,1.76,205,2.3,0.7,0
0,0,0,0,211,2.9,12.3,0
0,0,0,0,269,2.4,11.5,0
0.99,0.99,0.99,2.97,236,6.6,9.4,0
0,0.99,0.99,1.98,195,1.9,11.6,0
0.09,0.09,0.09,0.27,189,2.8,5.3,0
4.03,4.03,6.33,14.39,4,1.6,6.4,0
0,4.03,4.03,8.06,290,3,10,0
0,0,0,0,37,2.4,12.1,0
2.41,2.5,11.39,16.3,113,1.3,0,0
2.03,3.41,5.82,11.26,72,2.9,1.8,0
0,0,2.03,2.03,270,2.1,10.5,0
0,0,0,0,25,2.1,9.1,0
10.57,10.95,15.81,37.33,13,1.7,0.4,0
0,0,0.56,0.56,241,2.3,7.7,0
0,0,0,0,216,0.8,11.3,0
0,2.19,2.19,4.38,34,3.3,10.7,0
0.03,2.03,5.92,7.98,221,3,1.7,0
1.13,1.54,1.57,4.24,234,3.1,9.4,0
0,0,0,0,36,2.8,2.9,0
0,3.38,3.38,6.76,23,4.6,1,0
3.86,3.86,3.86,11.58,27,3.7,0.5,0
3.85,5.3,5.3,14.45,223,1.3,3.3,0
0,0,1.5,1.5,217,2.9,11.4,0
0,3,15.5,18.5,200,2.4,12.5,0
0,0,0,0,51,2.5,5.2,0
0,0,1.5,1.5,264,2.5,6.9,0
0,0,0,0,71,2.9,7.1,0
0,0,0,0,269,1.4,9,0
0,6.56,7.03,13.59,279,2,3.7,0
0,0.47,1.4,1.87,244,2.2,7.2,0
0,0,0,0,212,3,8.8,0
2.5,2.5,2.5,7.5,55,4.7,0.3,0
3.54,4.05,7.08,14.67,286,6,0.5,0
0.48,0.48,0.48,1.44,241,4.1,11,1
0,8.6,9.08,17.68,201,3.4,2,0
17.7,17.7,17.7,53.1,231,2.1,8.4,0
0.48,5.74,23.43,29.65,102,4.3,2.5,0
0.98,5.89,15.23,22.1,189,3.1,12.6,1
0,0,0,0,105,3.7,0.3,0
0,0,0,0,356,1.7,3.1,0
0,2.46,4.91,7.37,101,1.7,10.7,0
0,0,0,0,98,2.2,0,0
1.27,5.08,6.77,13.12,226,3.3,8.7,0
0,0,1.69,1.69,273,2.6,10.1,0
4.23,4.23,4.23,12.69,133,2.6,0,0
0,2.54,2.54,5.08,217,1.8,0,0
0,2.79,16.71,19.5,91,2.3,9.1,0
2.32,2.32,2.32,6.96,141,2.2,10,0
0.46,1.39,1.39,3.24,136,3,10.3,0
0,0,1.86,1.86,95,3.9,1.6,0
0,0,0,0,354,1,1.5,0
0,0.48,0.48,0.96,178,1.2,10.3,0
0.96,0.96,0.96,2.88,323,1.7,0.4,0
0,31.16,71.43,102.59,231,3.7,6.3,0
0.49,0.49,0.49,1.47,295,2.2,2.4,0
0.95,0.95,1.42,3.32,6,2.4,7.9,0
1.43,22.94,23.9,48.27,266,4.1,4.9,1
3.83,8.61,10.04,22.48,211,5.8,9.7,0
0,0,0,0,20,3.3,3.4,0
0,0,0,0,75,4,1.6,0
0,0,2.39,2.39,25,3,7.1,0
6.13,7.07,7.54,20.74,22,2.3,5.5,0
0,0.47,5.18,5.65,213,2.2,0,0
1.42,1.42,1.42,4.26,2,1,0.3,0
0,0,0,0,58,1.3,12.8,0
1.46,1.46,3.81,6.73,16,2.1,0,0
1.45,6.8,12.14,20.39,280,2.5,11.9,0
0,0,0,0,178,1.3,11.9,0
0,0,0,0,120,3.1,11.9,0
0,0.48,7.18,7.66,263,1.4,5.7,0
9.57,17.71,18.19,45.47,257,3.3,10.5,0
0,0,0,0,287,2.3,10.1,0
0,0,0,0,145,2.2,7.7,0
0,0.48,1.44,1.92,169,1.1,10.3,0
0,0,0.47,0.47,90,3.9,5.4,0
0,0,3.77,3.77,281,2.6,10.2,0
0,0.47,3.3,3.77,142,2.4,6.4,0
0,5.18,7.53,12.71,243,1.8,10,0
0,0,2.36,2.36,197,1.6,10.2,0
0,0,0,0,260,0.7,9.3,0
7.44,9.3,20,36.74,284,2.7,8.3,0
5.98,6.44,6.44,18.86,274,4.2,9.9,0
2.91,2.91,3.39,9.21,273,2.5,0,0
7.28,7.28,7.28,21.84,21,2.4,0,1
0,0,0,0,236,2.2,1.7,0
0,0,0,0,73,3.8,12.3,0
24.24,24.24,47.04,95.52,153,2.8,0,0
0,0.86,4.25,5.11,147,3.4,12.3,0
0.43,1.28,1.28,2.99,290,2.2,6.2,0
0,0.42,0.42,0.84,244,3.5,10.9,0
0,0,0,0,244,1.1,3.8,0
11.89,11.89,11.89,35.67,355,1.2,0,0
0,0,22.86,22.86,140,1.6,10.2,0
10.74,103.99,112.78,227.51,191,3.1,11.5,0
0,0,0,0,74,3.1,9.2,1
1,5.98,14.44,21.42,206,1.9,11.3,0
0.97,0.97,0.97,2.91,266,3.7,6.7,0
0,0.48,0.48,0.96,226,1.1,12.8,0
9.21,9.21,26.17,44.59,5,2.3,2.9,0
0,0,0,0,220,2.9,8.6,0
0,0,1.49,1.49,147,3.5,12.6,0
0,1.49,1.49,2.98,338,1.7,0.8,0
5.97,15.42,15.42,36.81,236,3.9,7.1,0
4.06,4.06,4.06,12.18,334,0.9,0.5,0
0,0,0,0,237,2,7.5,0
21.8,32.44,34.47,88.71,254,3.6,8.1,1
4.57,5.58,5.58,15.73,58,1,8.1,0
2.53,25.34,25.34,53.21,234,4.5,3.7,0
0,1.02,1.02,2.04,234,4.5,7.8,0
0,5.57,17.73,23.3,234,4.5,4.2,0
0,0.51,0.51,1.02,234,4.5,9.9,0
0,0,0,0,234,4.5,8.2,1
0,0,0,0,234,4.5,9.5,0
0,0,0,0,234,4.5,8.6,0
0,2.24,3.13,5.37,234,4.5,9.8,0
0,0,0,0,234,4.5,9.5,0
4.99,4.99,6.99,16.97,254,2.6,9.8,0
9.49,26.47,27.47,63.43,202,2.2,3.3,0
0,2.99,2.99,5.98,64,2.8,10,0
0,0,0,0,252,1.9,9.6,0
0.53,0.53,22.5,23.56,252,1.2,9.1,0
7.32,7.32,7.32,21.96,228,1.7,10.1,0
0.49,0.49,0.49,1.47,300,1.7,0.3,0
0,0,3.44,3.44,252,1.7,7,0
1.48,1.48,2.46,5.42,92,1.7,3.4,0
10.31,15.72,15.72,41.75,301,2.5,4.5,0
0,0,0,0,44,4.4,0,0
0,0,0,0,292,2.9,4,0
0,0,0,0,346,1,12.3,0
0.48,0.97,0.97,2.42,213,3.1,11.5,0
0,0,0,0,94,2.2,12,0
0,0,1.45,1.45,179,2.4,8.7,0
0,0,2.51,2.51,253,1,10.2,0
22.1,22.1,22.1,66.3,312,1.1,5.3,0
0,0,4.52,4.52,239,1.2,11.8,0
0,0,0.51,0.51,358,0.8,8.3,0
0,0,3.06,3.06,241,0.6,3.4,0
0,0,0,0,66,0.6,9.4,0
3.57,4.08,6.11,13.76,314,1.1,8,0
7.64,7.64,7.64,22.92,67,3,2.7,0
0,0,0,0,74,2.4,12.4,0
0,0,0,0,236,2,4.4,0
0,0,1.02,1.02,84,1.5,4.5,0
0,0,3.14,3.14,275,2.4,2.7,0
0,0,0,0,248,1.5,12.3,0
0,4.15,6.77,10.92,248,1.9,8.8,0
1.96,1.96,1.96,5.88,52,4.2,0.3,0
3.44,7.86,10.31,21.61,246,6.6,10.2,0
3.44,3.44,3.44,10.32,81,1.6,11.6,0
1.97,1.97,4.42,8.36,250,2.6,11.3,0
0,0,0,0,266,1.2,13.3,0
12.15,12.15,12.15,36.45,354,1.4,0.3,0
0.51,17.72,64.28,82.51,137,2.9,4.9,0
0.51,3.04,3.04,6.59,95,4.5,1.9,0
0,0,0,0,297,1.7,5.8,0
0,0,0.46,0.46,221,0.6,8.1,0
0,0.46,0.46,0.92,248,2.7,11,0
0.93,0.93,1.86,3.72,212,3.4,9.9,0
0.46,11.13,13.45,25.04,250,2,8,0
0,0,0,0,247,0.4,10.8,0
0,0,0,0,195,1.6,4.4,0
0,0,4.59,4.59,76,1.7,7.2,0
0,2.05,6.64,8.69,205,0.5,6.7,0
0,1.02,6.68,7.7,255,1.4,4.5,0
6.32,13.61,35.5,55.43,243,2,8.1,0
0.49,0.49,4.86,5.84,240,2,6.1,0
22.61,22.61,22.61,67.83,275,5.8,4.3,0
6.53,6.53,21.6,34.66,273,4.3,11.3,0
0,0.5,0.5,1,264,4.1,7.7,0
0,1.01,7.04,8.05,270,2.2,7.1,0
0,0.5,0.5,1,164,2,5.3,0
0,0,0,0,264,5.3,5.9,0
1.47,15.12,19.02,35.61,247,5,7.2,1
1.95,1.95,2.44,6.34,260,2.5,2.8,0
0,0,0,0,170,2.7,12,0
18.69,24.92,24.92,68.53,291,2.5,1,0
0,0,0,0,236,2.4,0.2,0
0,0,0,0,262,2.5,0,0
0,6.23,35.3,41.53,246,1.6,12.3,0
2.08,2.08,2.08,6.24,85,4.2,5,0
0,0.48,0.48,0.96,251,1.8,10.6,0
0,0,0,0,186,1,3.3,0
0.48,1.43,1.43,3.34,171,1.4,0.8,0
0.49,0.49,0.49,1.47,12,1,8.7,0
0,0,0,0,257,1.4,7.8,1
0,0,0,0,304,0.7,7,0
0,2.11,18.75,20.86,245,2.2,5.9,0
0,7.58,7.58,15.16,247,3,8.7,0
0,0,0,0,252,1.6,6.6,0
0,0,0,0,180,2,4.4,0
1.86,1.86,1.86,5.58,56,2.8,0.1,0
0,1.02,1.02,2.04,59,3.3,5.4,0
14.27,21.4,23.44,59.11,299,2.4,0.6,0
1.53,4.07,7.13,12.73,248,3.1,10.7,0
0,0,0,0,245,0.4,11.9,0
8.84,9.39,9.39,27.62,350,1.4,3,0
0,0,0,0,169,2.4,11,0
0,3.86,15.45,19.31,229,1.8,3.6,0
0,0,0,0,190,2.6,10.7,0
0,0,0,0,144,2.6,12.3,0
0,3.79,3.79,7.58,185,2,9,0
0,0,0,0,91,3.6,9.1,0
0,0,0,0,251,2.4,9.1,0
3.79,13.01,13.55,30.35,119,4.1,6.4,0
0,0.89,0.89,1.78,256,1.2,5.5,0
0,0,0,0,81,3,5.3,0
0,0,0,0,84,3.3,6.3,0
0.44,5.8,6.25,12.49,251,1.2,8.9,0
0,0,0,0,176,1.4,9.4,1
0,0,0,0,207,0.5,9.5,0
7.81,8.33,44.25,60.39,260,1.6,3.1,1
3.13,10.94,11.46,25.53,247,2.4,2.8,0
0.52,0.52,0.52,1.56,265,3.7,4.6,0
11.12,12.11,12.11,35.34,272,4.6,7.3,0
0,0,0,0,169,1.5,11,0
0.49,1.94,3.87,6.3,232,2.6,5.8,0
0,15.48,24.67,40.15,269,2,7.2,0
0,2.09,4.13,6.22,308,1.5,10.7,0
3.13,20.87,20.87,44.87,226,2.5,4.8,0
0,2.61,4.7,7.31,234,3.5,10.7,1
0,0,3.13,3.13,116,4,4.4,0
4.18,10.44,10.44,25.06,261,2.8,4.3,0
0,0,0,0,199,1.7,12.9,0
0,0,0,0,117,2.4,11.1,0
0,0.54,2.7,3.24,176,2.1,12.3,0
0,0,0,0,208,0.9,12.1,0
0,0,0,0,238,0.9,10.3,0
0.53,5.85,5.85,12.23,281,1.3,8.7,1
10.12,10.12,10.65,30.89,232,2.6,6.4,0
0,0,0.53,0.53,144,1.9,7.7,0
0,0,0,0,131,2.2,9.7,0
2.55,3.57,3.57,9.69,218,0.8,7.8,0
0,0,0,0,215,0.3,9.4,0
0,0,1.53,1.53,254,0.5,11.4,0
0.51,0.51,0.51,1.53,141,2.7,6.3,0
3.05,3.05,3.05,9.15,244,1.5,4.3,0
0,0,0,0,109,3.2,6.2,0
0,3.57,18.32,21.89,212,1.3,2.9,0
0.48,0.97,0.97,2.42,246,1.6,7,0
0.47,0.94,1.4,2.81,264,2.7,1.4,0
2.81,2.81,4.68,10.3,356,1.6,2.4,0
0,0.47,3.28,3.75,243,2.8,2.5,0
0,0,0,0,206,3.1,11.9,0
12.64,12.64,13.11,38.39,283,3.5,0,0
0,0,0,0,244,1.6,12.4,0
0,2.06,10.32,12.38,218,2.6,11.8,0
0,0,0,0,319,1,3.2,0
0.51,0.51,0.51,1.53,274,3.6,1,0
0,0,3.61,3.61,135,1.8,11.8,0
0,3.81,9.52,13.33,247,2.3,2.3,0
0,0,0,0,56,4,6.7,0
0,0,0,0,103,2.1,8.8,0
0,0,10.95,10.95,74,4.3,10.2,0
0,0,0,0,241,2.4,5.6,0
1.41,1.41,2.83,5.65,36,1.4,3.6,0
0,0,0,0,85,2.6,8.3,0
0.47,1.88,1.88,4.23,250,1.3,8,0
0,0,0,0,249,0.2,8.5,0
0,0,0,0,236,2.1,6.6,0
2.8,2.8,2.8,8.4,344,1.2,5.7,0
0,0,0,0,103,3.6,7,0
1.4,13.98,13.98,29.36,184,2,8.2,0
2.45,2.45,2.45,7.35,256,1.3,7,0
0,0.98,0.98,1.96,277,0.7,7.3,0
4.44,8.87,10.35,23.66,238,3.1,8.7,0
0.49,4.93,98.15,103.57,225,1.4,2,0
0,0.5,0.5,1,241,1.3,7.2,0
0.89,0.89,0.89,2.67,257,0.4,1.4,0
8,8,8,24,86,2.9,0.6,0
8.45,10.22,10.67,29.34,205,2.1,5.7,0
0.44,0.44,0.44,1.32,4,2,3.5,0
0,0,0.51,0.51,177,0.6,11,0
0,0,0,0,86,1.9,10.7,0
0,36.88,38.42,75.3,176,1.4,7,0
0,0,1.53,1.53,226,0.7,9.6,0
1.53,12.29,12.8,26.62,256,2.1,7.8,0
0,0,0,0,184,0.8,2.5,0
0,0,1,1,250,1.6,11.3,0
0.5,0.5,0.5,1.5,243,2.8,7.7,0
0,6,8.5,14.5,305,1.3,9.6,0
0.5,0.5,0.5,1.5,131,1.8,9.4,1
0,0.5,1,1.5,138,1,7.5,0
0,0,0.5,0.5,136,2.2,6.8,1
0,0,0,0,216,0.8,7.6,0
2.5,2.5,2.5,7.5,147,0.8,1.8,0
0,0,2.5,2.5,195,2,12.5,0
0,0,0,0,57,3.2,9.3,0
0,0,0,0,146,2.7,12.4,0
0.5,16,16.5,33,343,0.8,7,0
8.5,8.5,8.5,25.5,10,0.7,6.3,0
16,17,25.5,58.5,12,1.5,0.6,0
0,0.5,0.5,1,247,0.7,3.9,0
0,0,0,0,145,3.5,4.3,0
0,21.5,21.5,43,141,3.6,9.2,0
0,25.5,27,52.5,208,3.2,9.2,0
5,32.5,62,99.5,63,3.7,0,0
1,33.5,38.5,73,294,1,8.4,0
0,0,12.5,12.5,230,0.6,10.1,0
0,0,0.51,0.51,189,1.8,7.3,0
1.33,4.42,4.42,10.17,181,1.5,4.4,0
0,0.44,2.21,2.65,143,2.6,10.9,0
0,0,0,0,237,3.7,9,0
0,2.21,2.21,4.42,102,1.4,1.6,0
0,0,0,0,164,1.3,5.2,0
0.89,0.89,0.89,2.67,40,2.6,1.1,0
0,1.5,6,7.5,47,1.6,0.1,0
0,0,0,0,219,2.3,11.4,0
0,0,0,0,307,2.4,11.4,0
0,0,0,0,205,3.6,11.4,0
0,0,0,0,121,2.6,11.4,0
0,0,5,5,179,0.4,11.4,0
0,0,0,0,251,1.2,11.4,0
0,0,0,0,117,0.6,11.4,0
0,0,0,0,85,2.4,11.4,0
0,0,2,2,249,1,2,0
0,0,0,0,166,1.4,10.5,0
0,0.48,1.94,2.42,142,1.5,8.2,0
0,0,0,0,237,0.5,8.7,0
2.39,3.35,3.35,9.09,50,3.9,4.3,0
0,0,0,0,56,1.7,6.2,0
0,0,0,0,108,1.6,2.8,0
0.95,0.95,0.95,2.85,37,2,6.5,0
0,0,0.48,0.48,83,3.8,0,0
0,1.44,2.4,3.84,237,2.4,2.8,0
0,0,0,0,231,2.3,5.5,0
0,0.48,0.48,0.96,190,3.1,10.4,0
5.75,31.14,31.14,68.03,357,1.3,8.2,0
0,0,1.44,1.44,51,2.4,12.5,0
0,0,0,0,239,3.4,8.6,0
7.19,10.06,10.06,27.31,37,1.5,0.6,1
0.48,0.96,8.15,9.59,227,2.6,8.2,0
0,13.41,13.41,26.82,165,3.2,12.7,0
0,0,0,0,298,1.3,1.9,0
0,0.46,0.46,0.92,217,2.1,6,0
0,0,0,0,79,3,8.6,0
0,0,0,0,236,1.1,9.3,0
0.46,1.85,1.85,4.16,247,1.5,10.1,1
2.31,2.77,4.16,9.24,258,3.9,7.2,0
0,0,0,0,221,0.6,7.9,0
0,0.5,3.5,4,300,1,8.2,0
0,0,0,0,251,1.2,7.3,0
9.85,9.85,10.34,30.04,329,2.4,2,0
0,0,0,0,264,3.4,5.1,0
7.38,18.21,18.7,44.29,31,2.6,1.2,1
0,0,7.38,7.38,261,2.9,9.9,0
0,0,0.98,0.98,249,2.2,2.3,1
0,0,0,0,250,2.3,11.2,0
2.95,3.44,4.42,10.81,251,2.4,5.5,0
0,0,0,0,19,1.8,0,0
0,0,49.11,49.11,93,4.8,0,0
0,9.33,9.82,19.15,199,2,11.4,0
0,0,0,0,87,2.3,8.4,0
0,0,0,0,293,0.6,12.4,0
0,0,0,0,192,3.2,10,0
0,0.49,2.95,3.44,261,1.2,11.7,0
0,0,0,0,66,2.4,5,0
2.94,4.42,5.4,12.76,257,3.1,7.8,0
1.96,1.96,1.96,5.88,185,2.4,5,0
0,0,0,0,252,1.3,11.5,0
0.98,1.96,1.96,4.9,104,3,3.9,0
0,0,0,0,106,3,1,0
0,0,3.44,3.44,233,0.7,9.6,0
35.23,35.23,35.73,106.19,204,3.1,2.5,0
7.94,7.94,7.94,23.82,46,2,6.3,0
0.5,9.92,13.89,24.31,271,1.6,6.5,0
0,0,0,0,281,1.6,3.7,0
0,0,0,0,239,2.7,3.6,0
0,0,21.26,21.26,213,2.4,9.2,0
0,0,0,0,73,0.8,7,0
0,0,0,0,63,3.7,0,0
0,0,0,0,216,3.3,6.4,0
0,0,0,0,256,2.9,6.3,0
0,0,0,0,244,2.4,11.6,0
0,0,0,0,217,3,11.3,0
0,0,0,0,77,2.4,11,0
0,0.51,21.39,21.9,82,3.6,7.5,0
0.51,7.13,7.13,14.77,250,2.2,10.5,0
7.13,11.71,11.71,30.55,331,1.1,10.8,0
4.08,4.08,4.08,12.24,96,2,4.4,0
0,0.51,0.51,1.02,288,1.4,7.2,0
0,0,0,0,183,2.2,9.9,0
0,0,0,0,63,4.4,0.5,0
0,0,0,0,258,0.6,10,0
7.78,25.41,58.09,91.28,201,0.9,1,0
0.52,0.52,0.52,1.56,211,2.1,9.5,0
0,0,0,0,230,0.8,5.1,0
0.96,1.92,1.92,4.8,141,1,0,0
1.92,4.32,4.32,10.56,64,7.6,0.1,0
0,0,0,0,224,0.9,10.2,0
0,6.17,6.17,12.34,311,2.2,9.2,1
0.51,0.51,0.51,1.53,237,2.6,5.7,0
0,6.17,24.67,30.84,212,2.5,10.5,0
8.23,11.31,11.31,30.85,263,3.4,6.2,1
6.17,23.64,31.87,61.68,169,2.1,7.4,0
0,0,0.51,0.51,210,2.5,11.8,0
0,0,4.63,4.63,265,1.3,1,0
0,0,0,0,43,2.2,11,0
0,0.49,0.98,1.47,258,3.1,5.8,0
0,0,0,0,190,2,12.4,0
0.98,0.98,0.98,2.94,261,3.6,9.4,0
3.93,8.36,8.36,20.65,254,3.1,11.3,0
0,0,0,0,211,3.4,11.6,0
0,0.49,22.13,22.62,223,2,8.6,0
0,0,0,0,286,2.8,11,0
0,0,0,0,261,4,6.4,0
0,3.44,3.93,7.37,179,2.4,6.6,0
0,0.49,6.88,7.37,76,2.9,10.8,0
0,0,0,0,225,0.5,5.1,0
15,15,15,45,26,0.6,0,0
0,0,1.5,1.5,194,1.7,11.1,0
1.5,1.5,1.5,4.5,239,2.7,4.9,0
40,42.5,98,180.5,293,2.4,0,1
