,Rain24,Rain48,Rain72,Solarhours,BeachType,Wspeed_level,Wdirection_level,on_offshore,Entero_level
0,9.17,13.67,37.0,1.8,1,1,9,0,0
1469,0.0,22.66,26.14,1.8,0,1,9,0,0
723,0.17,23.200000000000003,29.47,1.8,1,1,9,0,0
1470,0.0,2.91,4.65,8.5,0,1,12,0,0
1,0.0,0.0,0.33,8.5,1,1,10,2,0
724,0.58,3.54,5.66,8.5,1,1,12,2,0
725,0.0,0.58,3.54,11.7,1,1,13,2,0
2,2.5,2.5,2.5,11.7,1,1,14,1,0
1471,0.0,0.0,2.91,11.7,0,1,13,2,0
726,0.0,0.0,0.0,7.9,1,1,4,2,0
3,0.0,0.0,0.0,7.9,1,1,6,0,0
1472,0.0,0.0,0.0,7.9,0,1,4,1,0
727,0.0,0.0,0.0,4.4,1,1,3,1,0
4,0.0,0.0,0.0,4.4,1,1,4,2,0
1473,0.0,0.0,0.0,4.4,0,1,3,1,0
1474,0.0,0.0,0.0,0.0,0,1,2,1,0
728,0.0,0.0,0.0,0.0,1,1,2,1,0
5,17.67,23.17,23.17,0.0,1,1,1,1,0
1475,0.0,0.0,0.0,7.0,0,1,6,2,0
6,0.0,0.0,0.0,7.0,1,1,6,0,0
729,0.0,0.0,4.67,7.0,1,1,6,2,0
730,0.0,0.0,0.0,11.6,1,1,10,0,0
1476,0.0,0.0,0.0,11.6,0,1,10,0,0
7,0.0,0.0,0.0,11.6,1,1,8,0,0
731,0.0,0.0,0.0,11.8,1,1,7,0,0
8,0.0,0.0,0.0,11.8,1,1,7,0,0
1477,0.0,0.0,0.0,11.8,0,1,7,2,0
732,0.0,0.0,0.0,8.4,1,1,8,0,0
9,0.0,0.0,0.0,8.4,1,1,9,0,0
1478,0.0,0.0,0.0,8.4,0,1,8,0,0
733,0.0,0.0,0.0,9.9,1,1,9,0,0
10,0.0,0.0,0.0,9.9,1,1,9,0,0
1479,0.0,0.0,0.0,9.9,0,1,9,0,0
734,0.35,0.35,0.35,5.9,1,1,0,1,0
11,7.0,7.83,7.83,5.9,1,1,0,1,0
1480,0.61,0.61,0.61,5.9,0,1,0,1,0
735,0.0,2.1,14.04,4.2,1,1,5,2,0
12,0.0,0.0,10.67,4.2,1,1,5,0,0
1481,0.0,1.22,16.46,4.2,0,1,5,2,1
13,0.67,1.0,1.0,9.9,1,1,1,1,0
736,0.0,0.0,0.0,9.9,1,1,1,1,0
1482,0.0,0.0,0.0,9.9,0,1,1,1,0
14,7.0,7.67,16.67,0.9,1,1,7,0,0
737,0.0,9.89,12.03,0.9,1,1,9,0,0
1483,0.0,2.44,3.66,0.9,0,1,9,0,0
1484,0.0,4.88,15.85,8.1,0,1,7,2,0
15,0.0,0.0,14.0,8.1,1,1,6,0,0
738,0.0,3.45,17.11,8.1,1,1,7,0,0
739,0.0,0.0,3.45,6.7,1,1,6,2,0
1485,0.0,0.0,4.88,6.7,0,1,6,2,0
16,0.0,0.0,0.0,6.7,1,1,6,0,0
1486,0.0,0.0,0.0,8.0,0,1,9,0,0
17,0.0,0.0,0.0,8.0,1,1,6,0,0
740,0.0,0.0,0.0,8.0,1,1,9,0,0
1487,0.0,0.49,0.49,6.9,0,1,9,0,0
18,0.0,0.0,0.0,6.9,1,1,6,0,0
741,0.0,2.93,2.93,6.9,1,1,9,0,0
19,0.83,0.83,0.83,5.8,1,1,4,2,0
1488,0.0,0.0,0.0,5.8,0,1,12,0,0
742,0.0,0.0,0.0,5.8,1,1,12,2,0
743,0.04,2.11,2.11,2.0,1,1,8,0,0
20,0.0,1.67,2.5,2.0,1,1,7,0,0
1489,0.0,0.49,0.49,2.0,0,1,8,0,0
744,0.0,0.0,0.04,8.7,1,1,11,0,0
1490,0.0,0.0,0.0,8.7,0,1,11,0,0
21,0.0,0.0,0.0,8.7,1,1,3,2,0
745,0.23,8.97,14.760000000000002,8.6,1,1,9,0,0
22,0.67,2.34,13.67,8.6,1,1,7,0,0
1491,0.0,5.39,8.33,8.6,0,1,9,0,0
746,0.0,0.23,8.97,7.8,1,1,9,0,0
1492,0.0,0.0,5.39,7.8,0,1,9,0,0
23,0.0,0.67,2.34,7.8,1,0,0,1,0
747,0.1,10.73,10.86,7.7,1,1,2,1,0
24,0.0,0.0,0.0,7.7,1,1,2,2,0
1493,0.0,14.69,14.69,7.7,0,1,2,1,0
748,4.17,9.31,49.06999999999999,0.2,1,1,15,1,0
1494,0.0,4.31,81.19,0.2,0,1,15,2,0
25,12.83,19.16,33.16,0.2,1,1,0,1,0
26,14.67,19.67,20.0,0.2,1,1,7,0,0
749,2.32,2.32,5.18,0.2,1,1,6,2,0
1495,2.12,2.12,5.83,0.2,0,1,6,2,0
27,0.0,0.33,1.83,5.3,1,1,12,2,0
750,0.0,0.21,0.25,5.3,1,1,11,0,0
1496,0.0,0.0,0.0,5.3,0,1,11,0,0
28,0.0,0.0,0.0,2.4,1,1,3,2,0
1497,0.0,0.0,0.0,2.4,0,1,3,1,0
751,0.72,0.72,13.98,3.5,1,1,2,1,0
29,0.33,1.83,2.5,3.5,1,1,2,2,0
1498,0.0,0.0,14.84,3.5,0,1,2,1,0
752,0.5,8.32,10.09,3.5,1,1,12,2,0
30,0.0,2.33,7.16,3.5,1,1,11,2,0
1499,0.71,6.39,8.52,3.5,0,1,12,0,0
753,0.0,0.0,0.5,3.5,1,1,15,1,0
31,3.33,4.0,4.0,3.5,1,1,1,1,0
1500,0.0,0.0,0.71,3.5,0,1,15,2,0
32,4.0,7.33,8.0,3.5,1,1,6,0,0
1501,0.0,0.0,0.0,3.5,0,1,7,2,0
754,0.29,0.29,0.29,3.5,1,1,7,0,0
33,0.83,4.83,8.16,3.5,1,1,7,0,0
1502,0.0,0.0,0.0,3.5,0,1,8,0,0
755,0.83,1.12,1.12,3.5,1,1,8,0,0
34,0.0,0.0,0.0,3.5,1,1,1,1,0
1503,0.71,0.71,0.71,3.5,0,1,1,1,0
756,0.39,0.39,0.39,3.5,1,1,1,1,0
35,0.0,0.0,0.0,3.5,1,1,8,0,0
757,0.0,0.0,0.39,3.5,1,1,8,0,0
1504,0.0,0.0,0.71,3.5,0,1,8,0,0
758,0.0,0.0,0.0,3.5,1,1,6,2,0
1505,0.0,0.0,0.0,3.5,0,1,6,2,1
36,0.0,0.0,0.0,3.5,1,1,6,0,0
1506,0.0,0.0,0.0,3.5,0,1,4,1,0
37,0.0,0.0,0.0,3.5,1,1,7,0,0
759,0.0,0.0,0.0,3.5,1,1,6,2,0
1507,0.0,0.0,0.0,3.5,0,1,6,2,0
1508,0.0,0.0,0.0,3.5,0,1,5,2,0
38,0.0,0.0,0.0,3.5,1,1,6,0,0
760,0.0,0.0,0.0,3.5,1,1,5,2,0
761,0.0,0.0,0.99,10.1,1,1,12,2,0
1509,0.08,0.16,0.24,10.1,0,1,12,0,0
39,0.0,0.67,28.340000000000003,10.1,1,1,11,2,0
762,0.0,0.0,0.0,7.6,1,1,13,2,0
1510,0.08,0.16,0.24,11.4,0,1,7,2,0
40,1.33,18.0,32.0,11.4,1,1,7,0,0
41,0.0,1.33,18.0,10.0,1,1,5,0,0
763,0.0,0.13,4.48,10.0,1,1,3,1,0
1511,0.08,0.16,0.24,10.0,0,1,3,1,0
764,0.0,0.0,0.56,9.4,1,1,3,1,0
42,1.67,2.5,2.83,9.4,1,1,1,1,0
1512,0.18,0.36,0.74,9.4,0,1,3,1,0
43,0.0,2.0,3.0,8.5,1,1,8,0,0
765,3.74,3.74,3.74,8.5,1,1,10,0,0
1513,26.63,26.85,30.34,8.5,0,1,10,0,0
766,0.0,3.74,3.74,11.4,1,1,14,2,0
44,0.67,0.67,2.67,11.4,1,1,15,1,0
1514,4.36,30.99,31.21,11.4,0,1,14,2,0
767,0.0,0.0,3.74,6.6,1,1,7,0,0
45,6.0,6.67,6.67,6.6,1,1,7,0,0
1515,0.25,4.61,31.24,6.6,0,1,7,2,0
1516,45.85,48.98,49.85,4.7,0,1,1,1,0
768,9.76,15.48,41.010000000000005,4.7,1,1,1,1,0
46,1.33,10.5,24.17,4.7,1,1,0,1,0
769,0.0,6.35,26.700000000000003,10.4,1,1,8,0,0
1517,0.0,8.8,34.03,10.4,0,1,8,0,0
47,0.33,16.83,25.33,10.4,1,1,9,0,0
770,0.0,0.0,6.35,7.4,1,1,9,0,0
48,0.0,0.33,16.83,7.4,1,1,8,0,0
1518,0.0,0.0,8.8,7.4,0,1,9,0,0
771,0.0,0.0,0.0,9.2,1,1,11,0,0
49,0.0,0.0,0.33,9.2,1,1,3,2,0
1519,0.0,0.0,0.0,9.2,0,1,11,0,0
772,0.0,14.19,14.23,11.5,1,1,10,0,0
245,0.0,14.2,14.2,11.5,0,1,10,0,0
1520,0.0,13.52,14.1,11.5,0,1,10,0,0
1189,0.0,10.42,10.42,11.5,1,1,8,1,0
50,1.0,1.0,11.0,11.5,1,1,8,0,0
1521,1.34,1.34,14.86,3.4,0,1,12,0,0
246,0.0,0.0,14.2,3.4,0,1,12,2,0
773,0.0,0.0,14.19,3.4,1,1,12,2,0
51,2.0,3.0,3.0,3.4,1,1,10,2,0
1190,0.0,0.0,10.42,3.4,1,1,10,1,0
1191,0.0,0.0,0.0,12.4,1,1,8,1,0
52,0.0,2.0,3.0,12.4,1,1,8,0,0
247,0.6,0.6,0.6,12.4,0,1,9,0,0
1522,0.56,1.9,1.9,12.4,0,1,9,0,0
774,0.86,0.86,0.86,12.4,1,1,9,0,0
1523,0.28,0.8400000000000001,2.18,0.0,0,1,1,1,0
248,0.0,0.6,0.6,0.0,0,1,1,1,0
775,0.48,1.34,1.34,0.0,1,1,1,1,0
1192,0.0,0.0,0.0,0.0,1,1,1,0,0
53,0.0,0.0,2.0,0.0,1,1,1,1,0
1524,0.28,0.56,1.12,9.1,0,1,8,0,0
776,0.64,1.12,1.98,9.1,1,1,8,0,0
54,0.83,0.83,0.83,9.1,1,1,8,0,0
1193,0.0,0.0,0.0,9.1,1,1,8,1,0
249,0.0,0.0,0.6,9.1,0,1,8,0,0
250,0.0,0.0,0.0,0.7,0,1,9,0,0
1525,0.0,0.28,0.56,0.7,0,1,9,0,0
1194,0.0,0.0,0.0,0.7,1,1,5,2,0
777,0.0,0.64,1.12,0.7,1,1,9,0,0
55,1.67,2.5,2.5,0.7,1,1,5,0,0
778,0.0,0.0,0.0,12.3,1,1,9,0,0
1526,0.0,0.0,0.0,12.3,0,1,9,0,0
56,0.0,0.0,0.0,12.3,1,1,9,0,0
251,0.0,0.0,0.0,12.3,0,1,9,0,0
1195,0.0,0.0,0.0,12.3,1,1,9,1,0
1527,0.0,0.0,0.0,11.5,0,1,12,0,0
57,0.33,0.33,0.33,11.5,1,1,12,2,0
1196,0.0,0.0,0.0,11.5,1,1,12,1,0
779,0.0,0.0,0.0,11.5,1,1,12,2,0
252,0.0,0.0,0.0,11.5,0,1,12,2,0
1528,0.5,0.5,0.5,9.4,0,1,10,0,0
1197,0.49,0.49,0.49,9.4,1,2,10,1,0
253,1.2,1.2,1.2,9.4,0,1,10,0,0
58,0.0,2.67,4.34,9.4,1,2,10,2,0
780,0.99,0.99,0.99,9.4,1,1,10,0,0
1198,0.0,0.49,0.49,11.6,1,1,8,1,0
1529,0.0,0.5,0.5,11.6,0,1,9,0,0
59,0.0,0.0,2.67,11.6,1,1,8,0,0
254,0.0,1.2,1.2,11.6,0,1,9,0,0
781,0.0,0.99,0.99,11.6,1,1,9,0,0
255,0.0,0.0,0.0,5.3,0,1,8,0,0
782,0.09,0.09,0.09,5.3,1,1,8,0,0
60,5.0,7.5,7.5,5.3,1,1,8,0,0
1530,0.0,0.0,0.0,5.3,0,1,8,0,0
1199,0.49,0.49,0.49,5.3,1,1,8,1,0
256,0.0,0.0,0.0,6.4,0,1,0,1,0
783,4.03,4.03,6.33,6.4,1,1,0,1,0
1531,3.0,3.0,3.0,6.4,0,1,0,1,0
1200,0.0,0.0,0.98,6.4,1,1,0,0,0
61,2.0,2.0,7.67,6.4,1,1,0,1,0
1201,0.49,0.49,0.49,10.0,1,1,14,2,0
257,0.0,0.0,0.0,10.0,0,1,13,2,0
1532,0.0,3.0,3.0,10.0,0,1,13,2,0
784,0.0,4.03,4.03,10.0,1,1,13,2,0
62,4.0,6.0,6.0,10.0,1,1,14,1,0
63,0.0,0.0,0.0,12.1,1,1,2,2,0
785,0.0,0.0,0.0,12.1,1,1,2,1,0
258,0.0,0.0,0.0,12.1,0,1,2,1,0
1202,0.0,0.0,0.0,12.1,1,1,2,0,0
1533,0.0,0.0,0.0,12.1,0,1,2,1,0
1203,0.0,0.0,2.45,0.0,1,1,0,0,0
1534,6.24,6.24,6.76,0.0,0,1,5,2,0
786,2.41,2.5,11.39,0.0,1,1,5,2,0
259,2.2,12.4,12.4,0.0,0,1,5,2,0
64,7.67,9.67,10.17,0.0,1,1,0,1,0
787,2.03,3.41,5.82,1.8,1,1,3,1,0
65,0.67,12.34,20.01,1.8,1,1,2,2,0
1204,0.53,0.53,0.53,1.8,1,1,2,0,0
1535,1.04,1.04,7.28,1.8,0,1,3,1,0
260,0.8,1.4,3.6,1.8,0,1,3,1,0
261,0.0,0.0,0.8,10.5,0,1,12,2,0
66,0.0,0.0,0.67,10.5,1,1,11,2,0
1536,0.0,0.0,1.04,10.5,0,1,12,0,0
1205,0.0,0.0,0.53,10.5,1,1,11,1,0
788,0.0,0.0,2.03,10.5,1,1,12,2,0
1206,0.0,0.53,0.53,9.1,1,1,0,0,0
1537,0.0,0.0,0.0,9.1,0,1,1,1,0
789,0.0,0.0,0.0,9.1,1,1,1,1,0
67,2.83,3.0,3.0,9.1,1,1,0,1,0
262,0.0,0.0,0.0,9.1,0,1,1,1,0
1207,31.26,32.85,36.56,0.4,1,1,11,1,0
68,40.67,72.67,79.17,0.4,1,1,11,2,0
263,12.8,13.0,23.6,0.4,0,1,1,1,0
1538,11.44,11.96,22.88,0.4,0,1,1,1,0
790,10.57,10.95,15.810000000000002,0.4,1,1,1,1,0
264,0.0,0.0,0.0,7.7,0,1,11,0,0
1539,0.0,0.0,0.0,7.7,0,1,11,0,0
791,0.0,0.0,0.56,7.7,1,1,11,0,0
69,0.0,0.0,0.0,7.7,1,1,8,0,0
1208,0.0,0.0,1.59,7.7,1,1,8,1,0
1209,0.0,0.0,0.0,11.3,1,1,6,2,0
1540,0.0,0.0,0.0,11.3,0,1,10,0,0
265,0.0,0.0,0.0,11.3,0,1,10,0,0
792,0.0,0.0,0.0,11.3,1,1,10,0,0
70,3.17,3.17,3.17,11.3,1,1,6,0,0
1210,0.0,0.0,0.0,10.7,1,1,2,0,0
71,4.83,13.16,16.33,10.7,1,1,2,2,0
1541,0.0,0.0,0.0,10.7,0,1,2,1,0
793,0.0,2.19,2.19,10.7,1,1,2,1,0
266,0.0,0.4,0.4,10.7,0,1,2,1,0
267,0.2,1.2,18.8,1.7,0,1,10,0,0
72,3.0,6.83,39.33,1.7,1,1,8,0,0
1542,0.0,1.62,31.130000000000003,1.7,0,1,10,0,0
794,0.03,2.03,5.92,1.7,1,1,10,0,0
1211,0.0,3.14,19.92,1.7,1,1,8,1,0
795,1.13,1.5399999999999998,1.5699999999999998,9.4,1,1,10,0,0
73,0.67,15.67,23.0,9.4,1,1,9,0,0
1543,7.51,7.51,7.51,9.4,0,1,10,0,0
268,4.4,4.6000000000000005,4.800000000000001,9.4,0,1,10,0,0
1212,4.71,4.71,7.859999999999999,9.4,1,1,9,1,0
74,0.0,0.0,0.0,8.5,1,1,11,2,0
1544,0.0,0.0,0.0,8.5,0,1,12,0,0
1213,0.0,0.0,0.0,8.5,1,1,11,1,0
269,0.4,0.4,0.4,8.5,0,1,12,2,0
270,0.0,0.0,0.0,7.0,0,1,13,2,0
1545,0.0,0.0,24.56,7.0,0,1,13,2,0
1214,2.61,2.61,3.13,2.8,1,1,13,2,0
271,0.6,0.6,0.6,2.8,0,1,12,2,0
1546,4.84,4.84,4.84,2.8,0,1,12,0,0
1215,0.0,0.75,3.36,8.9,1,1,12,1,0
1547,0.0,1.34,6.18,8.9,0,1,10,0,0
272,0.0,0.0,0.6,8.9,0,1,10,0,0
1216,0.0,0.0,0.0,4.9,1,1,12,1,0
1217,0.0,0.0,0.0,10.6,1,1,7,2,0
1548,0.0,0.0,0.0,8.5,0,1,9,0,0
273,0.0,0.0,0.0,8.5,0,1,9,0,0
1549,0.0,0.0,0.0,11.5,0,1,5,2,0
274,0.0,0.0,0.0,11.5,0,1,5,2,0
1550,0.0,0.0,0.0,11.0,0,1,9,0,0
275,0.0,0.0,2.58,11.0,0,1,9,0,0
1218,0.0,0.0,0.0,10.3,1,1,10,1,0
276,0.0,0.0,0.0,8.1,0,1,10,0,0
1551,0.0,0.0,0.0,8.1,0,1,10,0,0
277,0.0,0.0,0.0,1.9,0,1,10,0,0
1552,0.0,0.0,0.0,1.9,0,1,10,0,0
1219,0.0,0.0,0.0,1.7,1,1,4,0,0
1220,35.16,64.12,64.12,6.1,1,1,10,1,1
1221,0.0,0.0,35.16,13.0,1,1,3,0,1
278,2.07,2.07,2.07,0.4,0,1,4,2,0
1553,2.46,2.46,2.46,0.4,0,1,4,1,0
279,1.03,15.0,17.07,2.0,0,1,4,2,0
1554,0.0,21.58,24.04,2.0,0,1,4,1,0
280,0.0,0.0,1.03,11.6,0,1,7,0,0
1555,0.0,0.0,0.0,11.6,0,1,7,2,0
281,0.0,0.0,0.0,12.8,0,1,7,0,0
1556,0.0,0.0,0.0,12.8,0,1,7,2,0
1222,0.0,0.0,0.0,12.5,1,1,13,2,0
1557,0.0,0.0,0.0,12.5,0,1,11,0,0
282,0.0,0.0,0.0,12.5,0,1,11,0,0
1223,0.0,0.0,1.41,7.8,1,1,7,2,0
283,0.0,0.0,0.0,10.2,0,1,6,2,0
1558,0.0,0.0,0.0,10.2,0,1,6,2,0
284,0.0,0.0,0.0,10.3,0,1,3,1,0
1559,0.0,0.0,0.0,10.3,0,1,3,1,0
285,0.5,0.5,0.5,0.5,0,1,4,2,0
1560,0.0,0.0,0.0,0.5,0,1,4,1,0
1224,0.0,0.0,0.0,9.2,1,1,7,2,0
1225,0.0,0.0,0.0,1.7,1,1,7,2,0
286,0.0,0.0,0.0,1.7,0,1,5,2,0
1561,0.0,0.0,0.0,1.7,0,1,5,2,0
1226,0.0,0.0,0.0,4.5,1,1,4,0,1
1227,0.0,0.0,0.0,7.8,1,1,4,0,0
1562,0.0,0.0,0.0,1.6,0,1,2,1,0
287,0.0,0.0,0.0,1.6,0,1,2,1,0
1563,0.0,0.0,0.0,4.2,0,1,14,2,0
288,0.0,0.0,0.0,4.2,0,1,14,2,0
289,0.0,0.0,0.0,7.9,0,1,3,1,0
1564,0.0,0.0,0.0,7.9,0,1,3,1,0
1228,0.0,0.0,0.0,7.2,1,1,12,1,0
1565,7.69,8.68,8.68,0.1,0,1,1,1,0
290,8.96,9.45,9.45,0.1,0,1,1,1,0
291,14.43,42.8,51.76,1.3,0,1,2,1,0
1566,7.95,22.16,29.85,1.3,0,1,2,1,0
1567,0.0,7.95,22.16,0.0,0,1,2,1,0
292,0.0,14.43,42.8,0.0,0,1,2,1,0
1568,0.0,0.0,0.0,4.0,0,1,4,1,0
293,6.96,8.95,8.95,4.0,0,1,4,2,1
1229,0.0,0.0,0.0,5.0,1,1,7,2,1
1569,0.0,0.0,0.0,6.9,0,1,9,0,0
294,0.0,0.0,0.0,6.9,0,1,9,0,0
295,0.0,0.0,0.0,4.3,0,1,6,2,0
1570,0.0,0.0,0.0,4.3,0,1,6,2,0
296,0.0,0.0,0.0,2.9,0,1,2,1,0
1571,0.0,0.0,0.0,2.9,0,1,2,1,0
796,0.0,0.0,0.0,2.9,1,1,2,1,0
297,0.49,1.99,1.99,1.0,0,1,1,1,0
1572,0.0,4.83,4.83,1.0,0,1,1,1,0
797,0.0,3.38,3.38,1.0,1,1,1,1,0
1573,4.29,4.29,4.29,0.5,0,1,1,1,0
298,3.48,3.48,3.48,0.5,0,1,1,1,0
798,3.86,3.86,3.86,0.5,1,1,1,1,0
299,2.48,3.48,3.48,3.3,0,1,10,0,0
1574,2.68,3.22,3.22,3.3,0,1,10,0,0
799,3.85,5.3,5.3,3.3,1,1,10,0,0
1575,0.0,0.0,0.61,3.9,0,1,11,0,0
300,0.0,0.0,0.5,3.9,0,1,11,0,0
1230,0.0,0.0,0.0,8.4,1,1,10,1,0
301,0.0,1.38,1.38,10.3,0,1,12,2,0
1231,0.0,0.0,3.91,10.3,1,1,7,2,0
1576,0.0,4.84,4.84,10.3,0,1,12,0,0
1577,0.0,0.0,1.81,11.4,0,1,10,0,0
800,0.0,0.0,1.5,11.4,1,1,10,0,0
302,0.0,0.0,3.44,11.4,0,1,10,0,0
1578,0.0,4.44,14.32,12.5,0,1,9,0,0
801,0.0,3.0,15.5,12.5,1,1,9,0,0
303,0.0,1.54,12.35,12.5,0,1,9,0,0
802,0.0,0.0,0.0,5.2,1,1,2,1,0
304,0.0,0.0,0.0,5.2,0,1,2,1,0
1579,0.0,0.0,0.0,5.2,0,1,2,1,0
1580,0.0,0.0,2.47,6.9,0,1,12,0,0
803,0.0,0.0,1.5,6.9,1,1,12,2,0
305,0.0,0.0,1.54,6.9,0,1,12,2,0
306,0.0,0.0,0.0,7.1,0,1,3,1,0
804,0.0,0.0,0.0,7.1,1,1,3,1,0
1232,0.0,0.0,0.0,7.1,1,1,6,2,0
1581,0.0,0.0,0.0,7.1,0,1,3,1,0
805,0.0,0.0,0.0,9.0,1,1,12,2,0
307,0.0,0.0,0.0,9.0,0,1,12,2,0
1582,0.0,0.0,0.0,9.0,0,1,12,0,0
1233,3.5,12.5,12.5,8.9,1,1,6,2,0
1234,5.0,6.5,27.0,1.0,1,1,4,0,0
806,0.0,6.56,7.029999999999999,3.7,1,1,12,2,0
308,0.0,2.06,3.09,3.7,0,1,12,2,0
1583,0.0,3.31,3.86,3.7,0,1,12,0,0
807,0.0,0.47,1.4,7.2,1,1,11,0,0
309,0.0,0.51,1.03,7.2,0,1,11,0,0
1584,0.0,0.0,1.1,7.2,0,1,11,0,0
1235,0.0,0.0,0.0,7.2,1,1,6,2,0
1585,0.0,0.0,0.0,8.8,0,1,9,0,0
310,0.0,0.0,0.0,8.8,0,1,9,0,0
1236,0.0,0.0,0.0,8.8,1,1,9,1,0
808,0.0,0.0,0.0,8.8,1,1,9,0,0
311,3.09,3.09,3.09,0.3,0,1,2,1,0
809,2.5,2.5,2.5,0.3,1,1,2,1,0
1586,2.76,2.76,2.76,0.3,0,1,2,1,0
1237,0.0,7.0,10.5,2.4,1,1,9,1,1
1238,0.0,0.0,0.0,12.0,1,1,5,2,0
1239,18.5,18.5,18.5,0.5,1,1,6,2,1
1240,0.0,0.0,0.0,11.3,1,1,10,1,0
1241,0.0,20.5,43.5,11.1,1,1,8,1,0
1242,0.0,0.0,0.0,8.8,1,1,6,2,0
1587,0.0,1.66,30.02,0.2,0,1,7,2,0
312,0.0,0.51,25.020000000000003,0.2,0,1,7,0,0
1588,0.0,0.0,0.0,8.8,0,1,13,2,0
313,0.0,0.0,0.0,8.8,0,1,13,2,0
1589,0.0,0.0,0.0,0.0,0,1,4,1,0
314,0.0,0.0,0.0,0.0,0,1,4,2,0
315,0.51,2.05,3.58,5.3,0,1,11,0,0
1590,1.32,6.12,8.66,5.3,0,1,11,0,0
316,2.55,3.06,3.06,6.1,0,1,11,0,0
1591,3.11,3.39,4.819999999999999,6.1,0,1,11,0,0
317,0.0,0.0,0.0,5.4,0,1,12,2,0
1592,0.0,0.0,0.0,5.4,0,1,12,0,0
1593,0.0,0.0,0.72,9.1,0,1,7,2,0
318,0.0,0.0,0.48,9.1,0,1,7,0,0
319,0.0,1.96,2.94,6.9,0,1,14,2,0
1594,0.0,2.89,3.62,6.9,0,1,14,2,0
1595,0.0,0.0,0.0,8.9,0,1,12,0,0
320,0.0,0.49,1.96,8.9,0,1,12,2,0
1596,3.51,4.21,4.91,0.0,0,1,1,1,0
321,2.7,2.7,3.24,0.0,0,1,1,1,0
1597,0.0,0.0,0.0,3.8,0,1,12,0,0
322,0.0,0.0,0.0,3.8,0,1,12,2,0
323,3.23,3.23,3.23,2.2,0,1,1,1,0
1598,2.11,2.11,2.11,2.2,0,1,1,1,0
1599,8.42,16.14,16.14,9.8,0,1,14,2,0
324,6.47,12.94,12.94,9.8,0,1,14,2,0
1600,0.0,0.59,0.59,11.7,0,1,6,2,0
325,0.0,0.61,0.61,11.7,0,1,6,2,0
1601,0.0,0.0,0.0,2.4,0,1,10,0,0
326,0.0,0.0,0.0,2.4,0,1,10,0,0
810,3.54,4.05,7.08,0.5,1,1,13,2,0
327,18.29,18.79,19.28,0.5,0,1,13,2,0
1602,31.99,31.99,34.36,0.5,0,1,13,2,0
1603,0.0,0.6,0.6,11.0,0,1,11,0,0
328,0.0,0.0,0.0,11.0,0,1,11,0,0
811,0.48,0.48,0.48,11.0,1,1,11,0,1
329,10.38,10.38,10.38,0.6,0,1,1,1,0
1604,12.44,12.44,12.44,0.6,0,1,1,1,0
812,0.0,8.6,9.08,2.0,1,1,9,0,0
813,17.7,17.7,17.7,8.4,1,1,10,0,0
1605,16.45,16.45,16.45,8.4,0,1,10,0,0
330,14.72,15.21,15.21,8.4,0,1,10,0,0
1606,0.0,4.7,11.16,2.5,0,1,5,2,0
1243,1.01,1.51,71.36,2.5,1,1,4,0,1
331,0.53,5.260000000000001,27.87,2.5,0,1,5,2,0
814,0.48,5.74,23.43,2.5,1,1,5,2,0
1244,0.0,7.25,9.26,12.6,1,1,10,1,0
815,0.98,5.890000000000001,15.23,12.6,1,1,8,0,1
1607,0.59,0.59,18.21,12.6,0,1,8,0,0
332,0.52,0.52,7.890000000000001,12.6,0,1,8,0,0
1608,0.0,0.0,0.0,0.3,0,1,5,2,0
816,0.0,0.0,0.0,0.3,1,1,5,2,0
333,0.0,0.0,0.0,0.3,0,1,5,2,0
1609,0.0,0.0,0.0,0.2,0,1,13,2,0
334,0.0,0.0,0.0,0.2,0,1,13,2,0
1245,0.0,0.52,0.52,0.2,1,1,14,2,0
817,0.0,0.0,0.0,3.1,1,1,0,1,0
1246,0.52,0.52,0.52,0.0,1,1,0,0,0
1247,0.0,3.63,5.699999999999999,10.7,1,1,6,2,0
1610,0.0,0.0,5.75,10.7,0,1,4,1,0
335,0.0,0.48,2.41,10.7,0,1,4,2,0
818,0.0,2.46,4.91,10.7,1,1,4,2,0
1248,0.0,0.0,0.0,0.0,1,1,7,2,0
1611,0.0,0.0,0.0,0.0,0,1,4,1,0
336,0.0,0.0,0.0,0.0,0,1,4,2,0
819,0.0,0.0,0.0,0.0,1,1,4,2,0
1249,5.5,5.5,8.0,0.7,1,1,10,1,0
820,1.27,5.08,6.77,8.7,1,1,10,0,0
1612,0.57,3.45,8.049999999999999,8.7,0,1,10,0,0
337,0.48,2.41,5.79,8.7,0,1,10,0,0
1250,3.0,4.0,4.0,8.7,1,1,10,1,0
821,0.0,0.0,1.69,10.1,1,1,12,2,0
1613,0.0,0.0,1.06,10.1,0,1,12,0,0
338,0.0,0.0,1.43,10.1,0,1,12,2,0
1251,0.0,0.0,1.0,10.1,1,1,13,2,0
822,4.23,4.23,4.23,0.0,1,1,6,2,0
1614,3.73,3.73,3.73,0.0,0,1,6,2,0
339,4.29,4.29,4.29,0.0,0,1,6,2,0
1252,3.0,3.0,3.0,0.0,1,1,4,0,1
1615,0.0,0.0,0.0,0.0,0,1,10,0,0
823,0.0,2.54,2.54,0.0,1,1,10,0,0
340,0.0,0.95,0.95,0.0,0,1,10,0,0
824,0.0,2.79,16.71,9.1,1,1,4,2,0
341,0.0,1.9,15.7,9.1,0,1,4,2,0
1616,0.0,2.66,15.97,9.1,0,1,4,1,0
1617,0.56,0.56,0.56,10.0,0,1,6,2,0
1253,3.2,3.2,3.2,10.0,1,1,6,2,0
825,2.32,2.32,2.32,10.0,1,1,6,2,0
342,2.75,2.75,2.75,10.0,0,1,6,2,0
1254,0.0,0.0,1.06,10.3,1,1,6,2,0
826,0.46,1.39,1.39,10.3,1,1,6,2,0
343,0.0,0.0,0.0,10.3,0,1,6,2,0
1618,0.0,0.0,0.0,10.3,0,1,6,2,0
827,0.0,0.0,1.86,1.6,1,1,4,2,0
344,0.0,0.0,1.65,1.6,0,1,4,2,0
1619,0.0,0.0,0.55,1.6,0,1,4,1,0
1255,12.76,12.76,12.76,0.0,1,1,0,0,1
1256,0.0,0.0,0.0,1.5,1,1,0,0,0
345,0.0,0.0,0.0,1.5,0,1,0,1,0
828,0.0,0.0,0.0,1.5,1,1,0,1,0
1620,0.0,0.0,0.0,1.5,0,1,0,1,0
346,0.0,0.0,0.0,10.3,0,1,8,0,0
829,0.0,0.48,0.48,10.3,1,1,8,0,0
1621,0.0,0.0,0.0,10.3,0,1,8,0,0
830,0.96,0.96,0.96,0.4,1,1,14,2,0
1622,0.0,0.0,0.0,0.4,0,1,14,2,0
347,0.45,0.45,0.45,0.4,0,1,14,2,0
1257,4.79,10.64,10.64,8.0,1,1,13,2,1
831,0.0,31.16,71.43,6.3,1,1,10,0,0
348,0.45,27.76,59.1,6.3,0,1,10,0,0
1623,0.0,34.08,73.31,6.3,0,1,10,0,0
1624,0.0,0.0,0.0,2.4,0,1,13,2,0
832,0.49,0.49,0.49,2.4,1,1,13,2,0
349,0.0,0.0,0.0,2.4,0,1,13,2,0
350,0.0,0.0,0.0,0.0,0,1,5,2,0
1625,0.0,0.0,0.0,0.0,0,1,5,2,0
1626,0.0,0.0,0.0,8.6,0,1,7,2,0
351,0.0,0.0,0.0,8.6,0,1,7,0,0
1627,57.08,72.42999999999999,72.42999999999999,2.5,0,1,0,1,1
352,39.0,48.0,50.24,2.5,0,1,0,1,0
1628,0.0,0.0,7.37,5.9,0,1,14,2,0
353,0.0,0.0,11.0,5.9,0,1,14,2,0
1629,0.0,0.57,1.7999999999999998,8.8,0,1,8,0,0
354,0.0,1.5,3.5,8.8,0,1,8,0,0
355,6.0,8.0,12.5,4.2,0,1,13,2,0
1630,9.56,11.44,16.66,4.2,0,1,13,2,0
356,14.0,14.0,31.5,0.1,0,1,7,0,0
1631,26.94,27.22,43.43000000000001,0.1,0,1,7,2,0
1632,0.0,0.0,0.0,7.2,0,1,10,0,0
357,0.0,0.0,0.0,7.2,0,1,10,0,0
358,0.0,0.0,0.0,3.1,0,1,3,1,0
1633,0.0,0.0,0.5,3.1,0,1,3,1,0
359,0.0,0.0,5.58,2.2,0,1,10,0,0
1634,0.0,0.0,4.5,2.2,0,1,10,0,0
360,0.0,2.24,2.79,4.2,0,1,14,2,0
1635,0.0,2.0,3.0,4.2,0,1,14,2,0
361,0.0,0.0,0.0,3.8,0,1,8,0,0
1636,0.0,0.0,0.0,3.8,0,1,8,0,0
362,0.0,0.0,0.0,8.4,0,1,13,2,0
1637,0.0,0.0,0.0,8.4,0,1,13,2,0
363,15.0,25.0,32.0,0.3,0,1,15,1,0
1638,12.46,24.37,34.120000000000005,0.3,0,1,15,2,0
1639,0.0,0.0,2.17,2.0,0,1,12,0,0
364,0.0,0.0,1.0,2.0,0,1,12,2,0
1640,0.0,0.54,5.42,8.3,0,1,11,0,0
365,0.0,0.0,5.0,8.3,0,1,11,0,0
366,20.69,20.69,21.200000000000003,6.6,0,1,1,1,0
1641,20.77,20.77,21.93,6.6,0,1,1,1,1
367,0.0,1.01,4.54,9.8,0,1,8,0,0
1642,0.0,2.3,4.029999999999999,9.8,0,1,8,0,0
368,0.0,3.03,3.03,4.0,0,1,1,1,0
1643,0.0,1.73,2.31,4.0,0,1,1,1,0
369,0.0,0.0,0.5,2.6,0,1,5,2,0
1644,0.0,0.0,0.0,2.6,0,1,5,2,0
370,36.54,39.86,39.86,8.0,0,1,2,1,0
1645,36.68,42.15,42.15,8.0,0,1,2,1,1
371,0.0,0.0,0.0,9.9,0,1,5,2,0
1646,0.0,0.0,0.0,9.9,0,1,5,2,0
372,0.0,0.0,0.0,10.5,0,1,2,1,0
1647,0.0,0.0,0.0,10.5,0,1,2,1,0
373,0.0,0.0,0.0,9.6,0,1,3,1,0
1648,0.0,0.0,0.0,9.6,0,1,3,1,0
1649,11.5,11.5,11.5,2.6,0,1,13,2,0
374,16.18,16.72,16.72,2.6,0,1,13,2,0
1650,0.0,4.0,4.5,7.1,0,1,12,0,0
375,0.0,7.01,7.01,7.1,0,1,12,2,0
1651,0.0,18.5,20.0,2.3,0,1,11,0,0
376,1.08,23.73,24.27,2.3,0,1,11,0,0
833,0.95,0.95,1.42,7.9,1,1,0,1,0
1652,4.5,4.5,5.0,7.9,0,1,0,1,0
377,6.47,6.47,6.47,7.9,0,1,0,1,0
1653,0.0,22.41,22.41,4.9,0,1,12,0,0
834,1.43,22.94,23.9,4.9,1,1,12,2,1
378,0.0,22.07,22.62,4.9,0,1,12,2,0
1258,8.52,11.36,12.489999999999998,7.4,1,1,15,2,0
835,3.83,8.61,10.04,9.7,1,1,9,0,0
1654,0.0,0.0,0.0,3.4,0,1,1,1,0
1259,0.0,0.0,0.0,3.4,1,1,0,0,1
379,0.0,0.0,0.0,3.4,0,1,1,1,0
836,0.0,0.0,0.0,3.4,1,1,1,1,0
837,0.0,0.0,0.0,1.6,1,1,3,1,0
1655,0.0,0.0,0.58,1.6,0,1,3,1,0
380,0.0,0.0,0.0,1.6,0,1,3,1,0
381,0.0,0.0,1.89,7.1,0,1,1,1,0
1656,0.0,0.0,3.45,7.1,0,1,1,1,0
838,0.0,0.0,2.39,7.1,1,1,1,1,0
1260,0.0,0.0,0.0,7.1,1,1,0,0,0
1657,6.89,7.47,7.47,5.5,0,1,1,1,0
839,6.13,7.07,7.54,5.5,1,1,1,1,0
1261,6.17,6.17,7.2,5.5,1,1,15,2,0
382,6.95,6.95,6.95,5.5,0,1,1,1,0
383,0.0,0.53,5.88,0.0,0,1,9,0,0
1262,2.05,4.619999999999999,6.68,0.0,1,1,10,1,1
1658,0.0,1.15,5.17,0.0,0,1,9,0,0
840,0.0,0.47,5.18,0.0,1,1,9,0,0
384,0.54,0.54,0.54,0.3,0,1,0,1,0
1659,0.58,0.58,0.58,0.3,0,1,0,1,0
841,1.42,1.42,1.42,0.3,1,1,0,1,0
385,0.0,0.0,0.0,12.8,0,1,3,1,0
1660,0.0,0.0,0.0,12.8,0,1,3,1,0
842,0.0,0.0,0.0,12.8,1,1,3,1,0
386,1.15,1.15,3.29,0.0,0,1,1,1,0
1661,0.58,0.58,1.16,0.0,0,1,1,1,0
843,1.46,1.46,3.81,0.0,1,1,1,1,0
1263,4.5,10.5,16.5,11.9,1,1,13,2,1
387,1.73,2.88,20.17,11.9,0,1,12,2,0
844,1.45,6.8,12.14,11.9,1,1,12,2,0
1662,2.32,6.959999999999999,23.75,11.9,0,1,12,0,0
845,0.0,0.0,0.0,11.9,1,1,8,0,0
1663,0.0,0.0,0.0,11.9,0,1,8,0,0
388,0.0,0.0,0.0,11.9,0,1,8,0,0
846,0.0,0.0,0.0,11.9,1,1,5,2,0
1264,0.0,0.0,0.0,11.9,1,1,5,2,0
389,0.0,0.0,0.0,11.9,0,1,5,2,0
1664,0.0,0.0,0.0,11.9,0,1,5,2,1
390,0.0,1.05,5.26,5.7,0,1,12,2,0
1665,0.0,0.57,5.66,5.7,0,1,12,0,0
847,0.0,0.48,7.18,5.7,1,1,12,2,0
1666,10.18,22.06,22.06,10.5,0,1,11,0,0
391,8.94,17.89,17.89,10.5,0,1,11,0,0
848,9.57,17.71,18.19,10.5,1,1,11,0,0
849,0.0,0.0,0.0,10.1,1,1,13,2,0
392,0.0,0.0,0.0,10.1,0,1,13,2,0
1667,0.0,0.0,0.0,10.1,0,1,13,2,0
1265,1.0,1.0,1.0,10.1,1,1,0,0,0
1668,0.0,0.0,0.0,7.7,0,1,6,2,1
393,0.0,0.0,0.0,7.7,0,1,6,2,1
850,0.0,0.0,0.0,7.7,1,1,6,2,0
851,0.0,0.48,1.44,10.3,1,1,8,0,0
394,0.0,0.0,0.0,10.3,0,1,8,0,0
1669,0.0,0.0,1.13,10.3,0,1,8,0,0
395,0.0,0.0,0.0,5.4,0,1,4,2,0
1266,0.0,0.0,0.0,5.4,1,1,4,0,1
1670,0.0,0.0,0.0,5.4,0,1,4,1,0
852,0.0,0.0,0.47,5.4,1,1,4,2,0
853,0.0,0.0,3.77,10.2,1,1,12,2,0
396,0.0,0.0,5.13,10.2,0,1,12,2,0
1671,0.0,0.0,6.46,10.2,0,1,12,0,0
397,0.0,1.03,3.09,6.4,0,1,6,2,0
1672,0.0,0.0,3.52,6.4,0,1,6,2,0
854,0.0,0.47,3.3,6.4,1,1,6,2,0
1267,0.0,4.57,6.1000000000000005,6.4,1,1,6,2,1
1268,0.51,3.56,11.7,10.0,1,1,2,0,0
398,0.0,2.05,6.17,10.0,0,1,11,0,0
855,0.0,5.18,7.529999999999999,10.0,1,1,11,0,0
1673,0.0,1.17,4.109999999999999,10.0,0,1,11,0,0
1269,0.0,0.0,3.27,10.2,1,1,8,1,0
399,0.0,0.54,7.6,10.2,0,1,9,0,0
856,0.0,0.0,2.36,10.2,1,1,9,0,0
1674,0.0,0.0,2.35,10.2,0,1,9,0,0
1675,0.0,0.0,0.0,9.3,0,1,12,0,0
857,0.0,0.0,0.0,9.3,1,1,12,2,0
1270,0.0,0.0,0.0,9.3,1,1,8,1,0
400,0.0,0.0,0.0,9.3,0,1,12,2,0
1271,0.55,0.55,0.55,0.0,1,1,3,0,1
1272,0.0,0.0,6.55,7.5,1,1,1,0,1
401,0.0,0.54,4.89,7.5,0,1,13,2,0
1676,0.0,0.59,3.52,7.5,0,1,13,2,0
1677,0.0,0.0,0.0,4.9,0,1,11,0,0
402,1.69,1.69,1.69,4.9,0,1,11,0,0
1678,0.0,0.0,0.0,1.5,0,1,9,0,0
403,0.0,0.0,0.0,1.5,0,1,9,0,0
1273,0.0,0.0,0.0,1.5,1,1,5,2,0
1679,7.17,13.15,13.15,2.8,0,1,1,1,0
404,5.66,8.49,9.05,2.8,0,1,1,1,0
405,5.66,16.98,21.51,2.6,0,1,12,2,0
1680,8.96,25.68,30.46,2.6,0,1,12,0,0
406,0.0,3.4,3.96,0.1,0,1,11,0,0
1681,0.6,2.39,4.18,0.1,0,1,11,0,0
1682,0.0,1.8,6.6,2.0,0,1,12,0,0
407,0.0,2.53,6.06,2.0,0,1,12,2,0
1683,25.8,30.0,30.0,0.0,0,1,9,0,0
408,22.2,25.73,25.73,0.0,0,1,9,0,0
1684,0.0,0.0,6.0,6.6,0,1,13,2,0
409,0.0,0.0,4.54,6.6,0,1,13,2,0
410,0.0,7.14,9.52,0.7,0,1,1,1,0
1685,0.0,13.36,16.84,0.7,0,1,1,1,0
411,2.86,11.43,31.89,3.5,0,1,12,2,0
1686,5.23,11.04,27.29,3.5,0,1,12,0,0
1687,1.74,1.74,1.74,3.7,0,1,11,0,0
412,2.38,2.38,2.38,3.7,0,1,11,0,0
413,0.0,0.0,0.0,8.7,0,1,9,0,0
1688,0.0,0.0,0.0,8.7,0,1,9,0,0
414,0.0,1.42,2.38,0.9,0,1,12,2,0
1689,0.0,2.32,3.4799999999999995,0.9,0,1,12,0,0
415,10.05,22.33,22.89,3.9,0,1,0,1,0
1690,10.64,23.07,23.07,3.9,0,1,0,1,0
1691,0.59,0.59,2.37,8.8,0,1,11,0,0
416,0.56,0.56,1.12,8.8,0,1,11,0,0
417,0.56,12.84,12.84,1.5,0,1,12,2,0
1692,0.0,11.24,11.24,1.5,0,1,12,0,0
1693,7.5,7.5,7.5,5.2,0,1,0,1,0
418,5.82,5.82,6.3500000000000005,5.2,0,1,0,1,0
1694,0.0,0.0,0.0,0.0,0,1,15,2,0
419,0.0,0.0,0.0,0.0,0,1,15,1,0
1695,2.0,2.0,2.0,6.4,0,1,11,0,0
420,4.77,4.77,4.77,6.4,0,1,11,0,0
1696,0.0,0.0,7.0,7.3,0,1,10,0,0
421,0.0,0.0,10.59,7.3,0,1,10,0,0
1697,0.0,0.0,0.0,11.3,0,1,4,1,1
422,0.0,0.0,0.0,11.3,0,1,4,2,0
1698,18.2,18.2,23.17,0.1,0,1,1,1,0
423,15.03,15.03,19.33,0.1,0,1,1,1,0
1699,0.0,0.0,0.0,11.4,0,1,10,0,0
424,0.0,0.54,0.54,11.4,0,1,10,0,0
1700,6.07,11.03,28.130000000000003,8.3,0,1,13,2,0
858,7.44,9.3,20.0,8.3,1,1,13,2,0
425,3.22,4.83,18.25,8.3,0,1,13,2,0
859,5.98,6.44,6.44,9.9,1,1,12,2,0
426,5.65,5.65,5.65,9.9,0,1,12,2,0
1701,6.0,6.0,6.0,9.9,0,1,12,0,0
1274,4.5,4.5,5.0,7.5,1,1,9,1,1
1275,0.0,0.0,0.0,1.2,1,1,11,1,0
1276,0.0,0.0,0.0,9.5,1,1,14,2,1
860,2.91,2.91,3.39,0.0,1,1,12,2,0
1277,2.11,2.11,2.11,0.0,1,1,11,1,0
1702,9.68,10.33,10.33,0.8,0,1,14,2,0
427,11.38,11.38,11.38,0.8,0,1,14,2,0
861,7.28,7.28,7.28,0.0,1,1,1,1,1
1278,15.31,15.31,15.31,0.0,1,1,1,0,0
428,5.69,5.69,5.69,0.0,0,1,1,1,0
1703,5.81,5.81,5.81,0.0,0,1,1,1,0
429,0.0,0.0,0.0,1.7,0,1,10,0,0
1704,0.0,0.0,0.0,1.7,0,1,10,0,0
862,0.0,0.0,0.0,1.7,1,1,10,0,0
863,0.0,0.0,0.0,12.3,1,1,3,1,0
1705,0.0,0.0,0.0,12.3,0,1,3,1,0
430,1.55,1.55,1.55,12.3,0,1,3,1,0
864,24.24,24.24,47.04,0.0,1,1,7,0,0
1279,12.15,13.73,23.23,0.0,1,1,5,2,1
431,15.59,33.78,33.78,0.1,0,1,2,1,0
1706,22.43,44.86,44.86,0.1,0,1,2,1,0
1280,0.0,2.4,2.4,12.3,1,1,7,2,0
865,0.0,0.86,4.25,12.3,1,1,7,0,0
1707,0.0,0.0,0.0,12.0,0,1,11,0,0
432,0.0,0.0,0.0,12.0,0,1,11,0,0
1708,0.0,0.0,0.0,6.2,0,1,13,2,0
433,0.0,0.0,0.0,6.2,0,1,13,2,0
866,0.43,1.28,1.28,6.2,1,1,13,2,0
1281,0.0,0.6,0.6,5.8,1,1,14,2,0
867,0.0,0.42,0.42,10.9,1,1,11,0,0
1282,0.0,1.5,1.5,7.6,1,1,10,1,0
434,0.0,1.13,1.13,10.9,0,1,11,0,0
1709,0.0,1.08,1.08,10.9,0,1,11,0,0
868,0.0,0.0,0.0,3.8,1,1,11,0,0
1710,0.0,0.0,0.0,9.9,0,1,9,0,0
435,0.0,0.0,0.0,9.9,0,1,9,0,0
869,11.89,11.89,11.89,0.0,1,1,0,1,0
436,0.0,8.85,8.85,0.0,0,1,11,0,0
1711,1.75,12.82,12.82,0.0,0,1,11,0,0
1283,0.0,19.0,19.0,0.0,1,1,7,2,0
1712,0.0,0.0,22.14,10.2,0,1,6,2,0
870,0.0,0.0,22.86,10.2,1,1,6,2,0
437,0.0,0.0,21.15,10.2,0,1,6,2,0
1284,0.0,0.0,23.5,10.5,1,1,5,2,0
1713,9.05,115.25,127.32,11.5,0,1,8,0,0
438,16.72,73.53999999999999,81.49999999999999,11.5,0,1,8,0,0
871,10.74,103.99,112.78,11.5,1,1,8,0,0
1714,0.0,0.0,0.0,9.2,0,1,3,1,0
872,0.0,0.0,0.0,9.2,1,1,3,1,1
1285,0.0,0.0,0.0,4.8,1,1,3,0,0
439,0.0,0.0,0.0,9.2,0,1,3,1,0
1286,0.0,0.0,2.91,9.6,1,1,7,2,1
1715,0.0,0.0,11.54,7.6,0,1,11,0,0
440,0.0,0.0,6.01,7.6,0,1,11,0,0
441,0.0,0.0,0.0,4.6,0,1,2,1,0
1716,0.0,0.0,0.0,4.6,0,1,2,1,0
1717,0.0,0.54,0.54,3.8,0,1,8,0,0
442,0.0,0.0,0.0,3.8,0,1,8,0,0
443,6.31,21.54,21.54,0.6,0,1,1,1,0
1718,5.94,22.71,22.71,0.6,0,1,1,1,0
444,0.0,0.52,0.52,4.4,0,1,11,0,0
1719,0.0,1.08,5.41,4.4,0,1,11,0,0
445,0.0,0.0,0.0,1.8,0,1,0,1,0
1720,0.0,0.0,0.0,1.8,0,1,0,1,0
446,0.0,6.82,23.07,8.3,0,1,8,0,0
1721,0.0,5.1,23.8,8.3,0,1,8,0,0
447,16.26,25.71,40.39,6.4,0,1,15,1,0
1722,16.43,35.7,53.84,6.4,0,1,15,2,1
448,0.0,3.68,4.2,3.6,0,1,12,2,0
1723,0.0,2.27,2.84,3.6,0,1,12,0,0
449,2.1,2.62,2.62,5.6,0,1,11,0,0
1724,2.26,4.529999999999999,4.529999999999999,5.6,0,1,11,0,0
450,0.0,10.18,10.18,0.7,0,1,14,2,0
1725,0.0,14.19,14.78,0.7,0,1,14,2,0
451,0.49,0.49,0.49,0.2,0,1,1,1,0
1726,0.0,0.0,0.0,0.2,0,1,1,1,0
452,0.0,0.0,0.0,7.7,0,1,11,0,0
1727,0.0,0.0,0.0,7.7,0,1,11,0,0
1728,25.42,29.56,36.06,3.8,0,1,7,2,1
453,21.82,24.73,34.91,3.8,0,1,7,0,0
454,0.0,0.0,0.0,6.7,0,1,10,0,0
1729,0.0,0.0,0.0,6.7,0,1,10,0,0
1730,0.54,0.54,13.7,7.4,0,1,6,2,0
455,0.0,0.0,23.5,7.4,0,1,6,2,0
1731,0.0,9.87,9.87,3.2,0,1,11,0,0
456,0.5,7.5,7.5,3.2,0,1,11,0,0
1732,1.68,15.68,15.68,4.5,0,1,11,0,0
457,1.06,14.37,14.37,4.5,0,1,11,0,0
1733,2.8,5.6,6.16,10.0,0,1,9,0,0
458,3.2,7.99,9.58,10.0,0,1,9,0,0
1734,0.0,0.0,1.12,4.5,0,1,11,0,0
459,0.0,0.0,1.07,4.5,0,1,11,0,0
1735,3.36,3.36,20.16,4.4,0,1,10,0,0
460,2.66,2.66,7.99,4.4,0,1,10,0,0
461,0.0,18.63,18.63,3.3,0,1,12,2,0
1736,0.56,21.29,21.85,3.3,0,1,12,0,0
462,0.0,0.0,0.0,2.1,0,1,3,1,0
1737,0.0,0.0,0.0,2.1,0,1,3,1,0
1738,0.0,2.25,10.7,11.5,0,1,8,0,0
463,0.0,1.41,7.08,11.5,0,1,8,0,0
1739,0.0,0.0,0.0,9.5,0,1,4,1,0
464,0.0,0.0,0.0,9.5,0,1,4,2,0
465,0.0,4.72,4.72,8.6,0,1,11,0,0
1740,0.0,7.31,7.31,8.6,0,1,11,0,0
466,0.0,6.38,9.25,11.3,0,1,9,0,0
873,1.0,5.98,14.44,11.3,1,1,9,0,0
1741,0.0,12.53,18.5,11.3,0,1,9,0,0
467,0.0,0.0,0.0,6.7,0,1,12,2,0
874,0.97,0.97,0.97,6.7,1,1,12,2,0
1742,0.0,0.0,0.0,6.7,0,1,12,0,0
468,0.0,0.0,0.0,12.8,0,1,10,0,0
875,0.0,0.48,0.48,12.8,1,1,10,0,0
1743,0.0,0.0,0.0,12.8,0,1,10,0,0
876,9.21,9.21,26.17,2.9,1,1,0,1,0
469,10.79,22.56,22.56,1.4,0,1,11,0,0
1744,16.72,36.41,36.41,1.4,0,1,11,0,0
470,0.0,0.0,0.0,8.6,0,1,10,0,0
877,0.0,0.0,0.0,8.6,1,1,10,0,0
1745,0.0,0.0,0.0,8.6,0,1,10,0,0
75,0.51,4.62,4.62,5.1,1,1,7,0,0
1746,0.0,0.0,0.59,12.6,0,1,7,2,0
878,0.0,0.0,1.49,12.6,1,1,7,0,0
471,0.0,0.0,0.0,12.6,0,1,7,0,0
1747,0.0,0.59,0.59,0.8,0,1,15,2,0
472,0.0,0.51,0.51,0.8,0,1,15,1,1
879,0.0,1.49,1.49,0.8,1,1,15,1,0
880,5.97,15.419999999999998,15.419999999999998,7.1,1,1,10,0,0
473,6.12,15.29,15.29,7.1,0,1,10,0,0
1748,4.74,18.37,18.37,7.1,0,1,10,0,0
1749,3.35,3.35,3.35,0.5,0,1,15,2,0
474,3.23,3.23,3.23,0.5,0,1,15,1,0
881,4.06,4.06,4.06,0.5,1,1,15,1,0
475,0.0,0.0,0.0,7.5,0,1,11,0,0
882,0.0,0.0,0.0,7.5,1,1,11,0,0
1750,0.0,0.0,0.0,7.5,0,1,11,0,0
883,21.8,32.44,34.47,8.1,1,1,11,0,1
1751,1.11,23.98,35.13,9.9,0,1,8,0,1
476,0.92,16.14,24.44,9.9,0,1,8,0,1
1752,3.9,7.25,7.25,8.1,0,1,3,1,0
477,5.08,5.08,5.08,8.1,0,1,3,1,0
884,4.57,5.58,5.58,8.1,1,1,3,1,0
1753,0.51,26.05,26.05,3.7,0,1,10,0,0
478,1.35,21.46,21.46,3.7,0,1,10,0,0
885,2.53,25.34,25.34,3.7,1,1,10,0,0
479,0.0,0.0,0.0,7.8,0,1,10,0,0
1754,0.0,0.0,0.0,7.8,0,1,10,0,0
886,0.0,1.02,1.02,7.8,1,1,10,0,0
480,0.45,4.47,14.31,4.2,0,1,10,0,0
1755,0.0,5.1,18.9,4.2,0,1,10,0,0
887,0.0,5.57,17.73,4.2,1,1,10,0,0
888,0.0,0.51,0.51,9.9,1,1,10,0,0
481,0.0,0.0,0.0,9.9,0,1,10,0,0
1756,0.0,0.51,0.51,9.9,0,1,10,0,0
482,0.0,0.0,0.0,10.8,0,1,10,0,1
1757,0.0,0.0,0.0,10.8,0,1,10,0,0
889,0.0,0.0,0.0,8.2,1,1,10,0,1
890,0.0,0.0,0.0,9.5,1,1,10,0,0
483,0.0,1.66,1.66,8.9,0,1,10,0,0
1758,0.5,1.5,1.5,8.9,0,1,10,0,0
76,0.5,0.5,0.5,8.6,1,2,11,2,0
891,0.0,0.0,0.0,8.6,1,1,10,0,0
1759,0.0,0.0,0.0,11.6,0,1,10,0,0
484,0.0,0.0,0.0,11.6,0,1,10,0,0
892,0.0,2.24,3.1300000000000003,9.8,1,1,10,0,0
1760,0.0,0.0,0.0,1.0,0,1,10,0,0
485,0.0,0.0,0.0,1.0,0,1,10,0,0
1761,0.0,0.0,0.0,0.9,0,1,10,0,0
486,0.0,0.0,0.0,0.9,0,1,10,0,0
893,0.0,0.0,0.0,9.5,1,1,10,0,0
487,2.1,2.1,5.77,9.8,0,1,11,0,0
1762,2.93,2.93,6.45,9.8,0,1,11,0,0
894,4.99,4.99,6.99,9.8,1,1,11,0,0
895,9.49,26.47,27.47,3.3,1,1,9,0,0
1763,1.17,12.91,14.67,3.3,0,1,9,0,0
488,5.25,15.73,16.78,3.3,0,1,9,0,0
896,0.0,2.99,2.99,10.0,1,1,3,1,0
1764,0.0,0.59,0.59,10.0,0,1,3,1,0
489,0.0,4.2,4.2,10.0,0,1,3,1,0
897,0.0,0.0,0.0,9.6,1,1,11,0,0
490,0.0,0.0,0.0,9.6,0,1,11,0,0
1765,0.0,0.0,0.0,9.6,0,1,11,0,0
1287,0.0,0.0,0.0,11.3,1,1,13,2,0
1766,0.0,0.52,12.47,9.1,0,1,11,0,0
1288,0.97,2.93,21.03,8.5,1,1,10,1,0
898,0.53,0.53,22.5,9.1,1,1,11,0,0
491,0.0,0.0,0.0,9.1,0,1,11,0,0
492,0.0,0.0,0.0,10.1,0,1,10,0,0
1767,7.28,7.28,7.28,10.1,0,1,10,0,0
899,7.32,7.32,7.32,10.1,1,1,10,0,0
1289,15.66,15.66,15.66,10.5,1,1,11,1,0
1290,0.49,0.49,0.49,3.3,1,1,12,1,1
1768,0.0,0.0,0.0,0.3,0,1,13,2,0
900,0.49,0.49,0.49,0.3,1,1,13,2,0
493,0.0,0.0,0.0,0.3,0,1,13,2,0
494,0.0,0.0,0.0,7.0,0,1,11,0,0
1769,0.0,0.0,7.53,7.0,0,1,11,0,0
1291,0.0,0.0,5.87,6.7,1,1,10,1,1
901,0.0,0.0,3.44,7.0,1,1,11,0,0
77,0.0,0.0,0.0,6.9,1,1,11,2,0
1292,0.51,0.51,1.53,1.7,1,1,3,0,0
902,1.48,1.48,2.46,3.4,1,1,4,2,0
1293,9.66,16.27,16.27,3.5,1,1,11,1,1
495,10.51,14.34,14.34,4.5,0,1,13,2,0
903,10.31,15.72,15.72,4.5,1,1,13,2,0
1770,16.82,22.04,22.04,4.5,0,1,13,2,0
904,0.0,0.0,0.0,0.0,1,1,2,1,0
496,0.0,0.0,0.0,0.0,0,1,2,1,0
1771,0.0,0.0,0.0,0.0,0,1,2,1,0
497,0.0,0.0,0.0,4.0,0,1,13,2,0
1772,0.0,0.0,0.0,4.0,0,1,13,2,0
905,0.0,0.0,0.0,4.0,1,1,13,2,0
78,0.0,3.75,3.75,12.5,1,1,8,0,0
1773,0.0,0.0,1.16,12.3,0,1,15,2,0
1294,0.0,0.0,0.0,5.1,1,1,15,2,0
906,0.0,0.0,0.0,12.3,1,1,15,1,0
498,0.0,0.0,2.39,12.3,0,1,15,1,0
1295,0.0,1.01,1.01,8.4,1,2,9,1,0
499,0.0,0.0,0.0,11.5,0,1,9,0,0
907,0.48,0.97,0.97,11.5,1,1,9,0,0
1774,0.0,0.0,0.0,11.5,0,1,9,0,0
500,0.0,0.0,0.0,12.0,0,1,4,2,0
1775,0.0,0.0,0.0,12.0,0,1,4,1,0
908,0.0,0.0,0.0,12.0,1,1,4,2,0
1296,0.0,0.0,0.0,10.8,1,1,6,2,0
1297,0.51,0.51,0.51,3.9,1,1,4,0,0
501,0.0,0.0,0.48,8.7,0,1,8,0,0
1776,0.0,0.59,1.77,8.7,0,1,8,0,0
909,0.0,0.0,1.45,8.7,1,1,8,0,0
1298,0.0,0.0,0.53,12.6,1,1,9,1,1
79,0.0,1.6,1.6,8.7,1,1,9,0,0
502,0.0,0.0,1.9,10.2,0,1,11,0,0
910,0.0,0.0,2.51,10.2,1,1,11,0,0
1777,0.0,0.0,2.36,10.2,0,1,11,0,0
1299,0.0,0.0,0.54,10.0,1,1,0,0,0
1778,10.04,10.04,10.04,5.3,0,1,14,2,0
503,9.06,9.06,9.06,5.3,0,1,14,2,0
911,22.1,22.1,22.1,5.3,1,1,14,2,0
1300,0.0,0.0,7.48,10.9,1,1,7,2,0
1779,0.0,0.0,3.54,11.8,0,1,11,0,0
504,0.0,0.0,4.29,11.8,0,1,11,0,0
912,0.0,0.0,4.52,11.8,1,1,11,0,0
1780,0.0,0.0,0.0,8.3,0,1,0,1,0
1301,0.0,0.0,4.81,9.6,1,1,7,2,0
505,0.0,0.0,0.44,8.3,0,1,0,1,0
913,0.0,0.0,0.51,8.3,1,1,0,1,0
1302,0.0,0.0,0.0,11.7,1,1,7,2,0
1781,0.0,0.0,0.0,3.4,0,1,11,0,0
506,0.0,0.0,0.0,3.4,0,1,11,0,0
914,0.0,0.0,3.06,3.4,1,1,11,0,0
915,0.0,0.0,0.0,9.4,1,1,3,1,0
1782,0.0,6.0,6.0,9.4,0,1,3,1,0
507,0.0,0.0,0.0,9.4,0,1,3,1,0
1783,3.75,3.75,4.5,8.0,0,1,14,2,0
508,4.37,4.37,6.5600000000000005,8.0,0,1,14,2,0
1303,13.5,15.66,16.2,7.4,1,1,7,2,0
916,3.57,4.08,6.109999999999999,8.0,1,1,14,2,0
1784,0.73,0.73,0.73,2.7,0,1,3,1,0
509,1.07,1.07,1.07,2.7,0,1,3,1,0
917,7.64,7.64,7.64,2.7,1,1,3,1,0
1304,0.0,0.0,0.0,7.8,1,1,5,2,0
1305,0.0,0.0,0.0,10.4,1,1,8,1,0
1306,0.0,0.0,0.0,9.0,1,1,14,2,0
1785,0.0,0.0,0.0,12.4,0,1,3,1,0
510,0.0,0.0,0.0,12.4,0,1,3,1,0
918,0.0,0.0,0.0,12.4,1,1,3,1,0
1307,0.0,0.0,0.0,7.7,1,2,10,1,1
1786,0.0,0.0,0.0,4.4,0,1,10,0,0
511,0.0,0.0,0.0,4.4,0,1,10,0,0
919,0.0,0.0,0.0,4.4,1,1,10,0,0
1787,0.0,0.0,9.63,4.5,0,1,4,1,0
920,0.0,0.0,1.02,4.5,1,1,4,2,0
512,0.0,0.0,3.11,4.5,0,1,4,2,0
1308,0.0,1.0,6.0,12.1,1,1,14,2,0
513,0.0,0.0,1.04,2.7,0,1,12,2,0
921,0.0,0.0,3.14,2.7,1,1,12,2,0
1788,0.0,0.0,0.61,2.7,0,1,12,0,0
1309,0.0,0.0,0.5,12.4,1,1,7,2,1
922,0.0,0.0,0.0,12.3,1,1,11,0,0
514,0.0,0.0,0.0,12.3,0,1,11,0,0
1789,0.0,0.0,0.0,12.3,0,1,11,0,0
515,0.0,2.11,2.63,8.8,0,1,11,0,0
923,0.0,4.15,6.7700000000000005,8.8,1,1,11,0,0
1790,0.0,3.53,4.13,8.8,0,1,11,0,0
80,0.0,0.0,0.0,8.8,1,1,2,2,0
1310,0.0,0.0,0.0,5.1,1,1,3,0,0
924,1.96,1.96,1.96,0.3,1,1,2,1,0
1791,0.0,0.0,0.0,0.3,0,1,2,1,0
516,0.43,0.43,0.43,0.3,0,1,2,1,0
1311,3.89,8.88,19.21,6.0,1,1,14,2,0
517,3.38,6.34,9.3,10.2,0,1,11,0,0
925,3.44,7.859999999999999,10.31,10.2,1,1,11,0,0
1792,1.77,8.24,14.71,10.2,0,1,11,0,0
1793,4.71,4.71,4.71,11.6,0,1,4,1,0
926,3.44,3.44,3.44,11.6,1,1,4,2,0
518,3.81,3.81,3.81,11.6,0,1,4,2,0
1794,2.94,3.53,4.71,11.3,0,1,11,0,0
519,2.54,2.96,4.23,11.3,0,1,11,0,0
927,1.97,1.97,4.42,11.3,1,1,11,0,0
1312,1.66,1.66,1.66,11.9,1,1,2,0,1
520,0.0,0.0,0.0,13.3,0,1,12,2,0
928,0.0,0.0,0.0,13.3,1,1,12,2,0
1795,0.0,0.0,0.0,13.3,0,1,12,0,0
81,0.51,0.51,0.51,11.8,1,1,9,0,0
1313,0.0,0.0,0.0,7.3,1,1,15,2,0
521,4.79,4.79,4.79,0.3,0,1,0,1,0
1796,6.76,6.76,6.76,0.3,0,1,0,1,0
929,12.15,12.15,12.15,0.3,1,1,0,1,0
1314,6.37,58.55,58.55,2.3,1,1,2,0,1
930,0.51,17.720000000000002,64.28,4.9,1,1,6,2,0
1315,1.37,1.37,1.37,5.4,1,1,3,0,1
1797,0.0,2.9,2.9,1.9,0,1,4,1,1
931,0.51,3.04,3.04,1.9,1,1,4,2,0
522,0.0,2.0,2.0,1.9,0,1,4,2,0
1316,2.3,2.3,2.3,6.1,1,1,0,0,0
932,0.0,0.0,0.0,5.8,1,1,13,2,0
523,0.0,3.89,3.89,5.8,0,1,13,2,0
82,0.53,0.53,2.1100000000000003,13.3,1,1,13,1,0
1317,0.0,0.0,0.0,10.0,1,1,10,1,1
1798,0.0,0.0,0.0,8.1,0,1,10,0,0
933,0.0,0.0,0.46,8.1,1,1,10,0,0
524,0.0,0.0,0.0,8.1,0,1,10,0,0
525,0.0,0.0,0.0,11.0,0,1,11,0,0
1799,0.0,0.56,0.56,11.0,0,1,11,0,0
934,0.0,0.46,0.46,11.0,1,1,11,0,0
1318,0.0,0.46,0.46,8.7,1,1,13,2,0
1800,0.0,0.0,0.0,9.9,0,1,9,0,0
935,0.93,0.93,1.86,9.9,1,1,9,0,0
526,0.0,0.0,0.0,9.9,0,1,9,0,0
936,0.46,11.13,13.45,8.0,1,1,11,0,0
1319,0.0,0.0,0.0,7.5,1,1,9,1,0
527,0.0,0.0,0.0,10.8,0,1,11,0,0
1801,0.0,0.0,0.0,10.8,0,1,11,0,0
937,0.0,0.0,0.0,10.8,1,1,11,0,0
1320,0.92,0.92,1.38,9.3,1,1,8,1,1
1802,0.0,0.0,0.0,4.4,0,1,9,0,0
938,0.0,0.0,0.0,4.4,1,1,9,0,0
528,1.23,1.23,1.23,4.4,0,1,9,0,0
1321,0.91,5.5,14.22,11.2,1,1,9,1,0
939,0.0,0.0,4.59,7.2,1,1,3,1,0
529,0.0,0.0,1.23,7.2,0,1,3,1,0
1803,0.0,0.53,7.44,7.2,0,1,3,1,0
1322,2.27,24.12,24.12,3.4,1,1,13,2,0
940,0.0,2.05,6.64,6.7,1,1,9,0,0
1804,0.0,1.07,4.29,6.7,0,1,9,0,0
530,0.0,1.37,5.5,6.7,0,1,9,0,0
1323,2.28,6.83,15.02,6.5,1,1,10,1,0
531,0.0,0.46,2.75,4.5,0,1,11,0,0
941,0.0,1.02,6.68,4.5,1,1,11,0,0
1805,0.0,2.69,5.91,4.5,0,1,11,0,0
1324,0.0,61.45,61.45,9.5,1,1,15,2,1
1325,1.36,52.8,52.8,7.6,1,1,1,0,1
1326,22.76,22.76,22.76,3.1,1,1,2,0,1
1327,25.49,39.15,39.15,5.2,1,1,12,1,1
1328,0.0,1.06,18.05,9.4,1,1,5,2,0
532,10.56,19.54,40.67,8.1,0,1,11,0,0
1806,5.43,15.69,39.22,8.1,0,1,11,0,0
942,6.32,13.61,35.5,8.1,1,1,11,0,0
533,0.0,0.0,3.7,6.1,0,1,11,0,0
943,0.49,0.49,4.86,6.1,1,1,11,0,0
1807,0.0,0.6,6.64,6.1,0,1,11,0,0
1329,0.0,0.0,4.61,6.4,1,1,9,1,1
944,22.61,22.61,22.61,4.3,1,1,12,2,0
1330,19.94,19.94,19.94,4.0,1,2,13,2,1
534,8.02,8.02,20.33,11.3,0,1,12,2,0
945,6.53,6.53,21.6,11.3,1,1,12,2,0
1331,8.18,8.18,12.78,11.5,1,1,13,2,0
1808,10.03,10.03,18.95,11.3,0,1,12,0,0
535,0.0,0.0,0.0,7.7,0,1,12,2,0
946,0.0,0.5,0.5,7.7,1,1,12,2,0
1332,0.0,0.0,0.0,12.2,1,1,11,1,0
1809,0.0,0.0,0.0,7.7,0,1,12,0,0
1810,0.0,1.12,5.02,7.1,0,1,12,0,0
947,0.0,1.01,7.04,7.1,1,1,12,2,0
536,0.0,1.07,5.3500000000000005,7.1,0,1,12,2,0
83,0.95,0.95,0.95,5.0,1,2,10,2,0
537,0.0,0.0,0.0,5.3,0,1,7,0,0
1811,0.0,0.0,0.0,5.3,0,1,7,2,0
948,0.0,0.5,0.5,5.3,1,1,7,0,0
1333,0.5,0.5,0.5,12.8,1,1,7,2,0
1334,0.0,0.0,0.5,11.5,1,1,10,1,0
949,0.0,0.0,0.0,5.9,1,1,12,2,0
538,0.0,0.0,0.0,5.9,0,1,12,2,0
1812,0.0,0.0,0.0,5.9,0,1,12,0,0
1335,11.5,13.0,21.5,5.1,1,1,14,2,1
950,1.47,15.12,19.02,7.2,1,1,11,0,1
1813,0.0,15.62,23.44,7.2,0,1,11,0,0
539,0.0,15.61,19.77,7.2,0,1,11,0,0
1814,4.17,4.17,4.17,2.8,0,1,12,0,0
540,2.6,2.6,2.6,2.8,0,1,12,2,0
951,1.95,1.95,2.44,2.8,1,1,12,2,0
952,0.0,0.0,0.0,12.0,1,1,8,0,0
1815,0.0,0.0,0.0,13.0,0,1,8,0,0
541,0.0,0.0,0.0,13.0,0,1,8,0,0
953,18.69,24.92,24.92,1.0,1,1,13,2,0
1816,18.31,24.41,24.41,1.0,0,1,13,2,0
542,10.11,16.06,16.06,1.0,0,1,13,2,0
1336,14.0,16.0,16.0,3.3,1,1,14,2,0
954,0.0,0.0,0.0,0.2,1,1,10,0,0
543,0.0,0.0,0.0,0.2,0,1,10,0,0
1337,0.0,0.0,0.0,1.2,1,1,10,1,0
1817,0.0,0.0,0.0,0.2,0,1,10,0,0
1338,0.0,0.0,0.0,1.5,1,1,13,2,1
1818,0.0,0.0,0.0,0.0,0,1,12,0,0
955,0.0,0.0,0.0,0.0,1,1,12,2,0
544,0.0,0.0,0.0,0.0,0,1,12,2,0
956,0.0,6.23,35.3,12.3,1,1,11,0,0
1339,0.0,6.5,32.5,12.3,1,1,11,1,0
545,0.0,7.73,41.040000000000006,12.3,0,1,11,0,0
1819,0.0,6.1,23.39,12.3,0,1,11,0,0
1820,1.0,1.0,1.0,5.0,0,1,4,1,0
1340,1.5,1.5,1.5,8.2,1,1,3,0,0
546,3.04,3.04,3.04,5.0,0,1,4,2,0
957,2.08,2.08,2.08,5.0,1,1,4,2,0
1341,0.0,0.0,0.0,13.0,1,1,10,1,0
1821,0.0,0.0,0.0,10.6,0,1,11,0,0
547,0.0,0.6,3.03,10.6,0,1,11,0,0
958,0.0,0.48,0.48,10.6,1,1,11,0,0
84,0.0,0.0,0.0,10.5,1,1,7,0,0
1342,0.0,0.0,0.0,6.0,1,1,7,2,0
1822,0.0,0.0,0.0,3.3,0,1,8,0,0
548,0.0,0.0,0.0,3.3,0,1,8,0,0
959,0.0,0.0,0.0,3.3,1,1,8,0,0
1343,2.79,2.79,2.79,0.8,1,1,7,2,0
1823,1.0,1.0,1.0,0.8,0,1,8,0,0
549,1.21,1.82,1.82,0.8,0,1,8,0,0
960,0.48,1.43,1.43,0.8,1,1,8,0,0
1344,0.0,0.0,0.0,8.8,1,1,4,0,0
961,0.49,0.49,0.49,8.7,1,1,1,1,0
550,1.77,1.77,1.77,8.7,0,1,1,1,0
1824,0.0,0.0,0.0,8.7,0,1,1,1,1
1345,42.93,44.04,44.04,4.5,1,1,14,2,1
962,0.0,0.0,0.0,7.8,1,1,11,0,1
551,0.0,0.0,0.0,7.8,0,1,11,0,0
1825,0.0,0.0,0.0,7.8,0,1,11,0,1
1346,0.0,0.0,0.0,7.2,1,1,8,1,0
1347,0.0,0.0,0.0,4.0,1,1,4,0,0
1348,0.0,0.0,0.0,8.7,1,1,11,1,0
963,0.0,0.0,0.0,7.0,1,1,14,2,0
552,0.0,0.0,0.0,7.0,0,1,14,2,0
1826,0.0,0.0,0.0,7.0,0,1,14,2,0
964,0.0,2.11,18.75,5.9,1,1,11,0,0
553,0.0,1.55,18.05,5.9,0,1,11,0,0
1827,0.0,2.13,22.39,5.9,0,1,11,0,0
1349,13.54,13.54,13.54,8.6,1,1,9,1,1
554,4.85,7.0,14.0,7.9,0,1,11,0,0
1828,6.62,6.62,6.62,7.9,0,1,11,0,0
965,0.0,7.58,7.58,8.7,1,1,11,0,0
1350,0.0,0.0,0.0,8.2,1,1,5,2,0
1829,0.0,0.0,0.0,6.6,0,1,11,0,0
555,0.0,0.0,0.0,6.6,0,1,11,0,0
966,0.0,0.0,0.0,6.6,1,1,11,0,0
1351,0.0,0.0,0.0,6.6,1,1,9,1,1
85,0.0,0.0,0.0,14.1,1,1,9,0,0
967,0.0,0.0,0.0,4.4,1,1,8,0,0
1830,0.0,0.0,0.0,4.4,0,1,8,0,0
556,0.0,0.0,0.0,4.4,0,1,8,0,0
1352,0.0,0.0,0.0,9.3,1,1,7,2,0
557,1.68,1.68,1.68,0.1,0,1,2,1,0
968,1.86,1.86,1.86,0.1,1,1,2,1,0
1831,1.36,1.36,1.36,0.1,0,1,2,1,0
1353,0.0,1.56,3.12,0.0,1,1,3,0,0
558,0.0,0.56,0.56,5.4,0,1,3,1,0
969,0.0,1.02,1.02,5.4,1,1,3,1,0
1832,0.0,0.0,0.0,5.4,0,1,3,1,0
970,14.27,21.4,23.44,0.6,1,1,13,2,0
1833,18.08,24.4,24.4,0.6,0,1,13,2,1
559,8.94,13.41,20.12,0.6,0,1,13,2,0
1834,0.0,18.08,24.4,6.5,0,1,10,0,0
560,2.24,4.470000000000001,7.27,10.7,0,1,11,0,0
1835,0.9,4.07,6.33,10.7,0,1,11,0,0
971,1.53,4.07,7.130000000000001,10.7,1,1,11,0,0
561,0.0,0.0,0.0,11.9,0,1,11,0,0
972,0.0,0.0,0.0,11.9,1,1,11,0,0
1836,0.0,0.0,0.0,11.9,0,1,11,0,0
1354,0.0,0.0,0.0,0.0,1,1,15,2,0
973,8.84,9.39,9.39,3.0,1,1,0,1,0
562,7.5,7.5,7.5,3.0,0,1,0,1,0
1837,5.46,5.82,5.82,3.0,0,1,0,1,1
1838,0.0,5.46,5.82,7.0,0,1,9,0,0
1355,0.0,0.0,0.0,10.4,1,1,12,1,0
974,0.0,0.0,0.0,11.0,1,1,8,0,0
563,0.0,0.0,0.0,11.0,0,1,8,0,0
1839,0.0,0.0,0.0,11.0,0,1,8,0,0
86,4.63,4.63,4.63,2.8,1,1,3,2,0
1356,4.22,9.38,9.38,5.1,1,2,1,0,1
1840,0.0,1.45,10.18,3.6,0,1,10,0,0
564,0.0,2.5,12.0,3.6,0,1,10,0,0
975,0.0,3.86,15.45,3.6,1,1,10,0,0
1357,0.0,0.0,0.0,8.5,1,1,10,1,0
976,0.0,0.0,0.0,10.7,1,1,8,0,0
1841,0.0,0.0,0.0,10.7,0,1,8,0,0
565,0.0,0.0,0.0,10.7,0,1,8,0,0
1358,0.0,0.0,0.0,11.3,1,1,5,2,0
566,0.0,0.0,0.0,12.3,0,1,6,2,0
1842,0.0,0.0,0.0,12.3,0,1,6,2,0
977,0.0,0.0,0.0,12.3,1,1,6,2,0
1359,4.91,5.4,7.36,8.4,1,1,15,2,0
978,0.0,3.79,3.79,9.0,1,1,8,0,0
567,0.0,5.69,5.69,9.0,0,1,8,0,0
1843,0.48,5.34,5.34,9.0,0,1,8,0,0
568,0.0,2.62,2.62,8.3,0,1,4,2,0
1360,0.0,0.0,0.0,6.8,1,1,5,2,1
1844,0.0,1.46,1.46,8.3,0,1,4,1,0
979,0.0,0.0,0.0,9.1,1,1,4,2,0
87,0.0,0.0,1.09,9.1,1,1,3,2,0
1845,0.0,0.0,1.46,9.1,0,1,4,1,0
1361,0.49,10.79,16.18,10.3,1,1,10,1,0
1846,0.0,0.0,0.97,9.1,0,1,11,0,0
569,0.0,0.0,0.0,9.1,0,1,11,0,0
980,0.0,0.0,0.0,9.1,1,1,11,0,0
1362,0.0,8.33,28.94,8.8,1,1,2,0,1
1847,1.76,7.729999999999999,7.729999999999999,6.4,0,1,5,2,0
570,3.18,12.18,12.18,6.4,0,1,5,2,0
981,3.79,13.010000000000002,13.55,6.4,1,1,5,2,0
1363,0.0,0.0,0.0,6.5,1,1,0,0,0
982,0.0,0.89,0.89,5.5,1,1,11,0,0
571,0.0,1.05,1.05,5.5,0,1,11,0,0
1848,0.0,0.0,0.0,5.5,0,1,11,0,0
1364,0.0,0.0,0.0,11.6,1,1,5,2,0
983,0.0,0.0,0.0,5.3,1,1,4,2,0
1849,0.0,0.0,0.0,5.3,0,1,4,1,0
572,0.0,0.0,0.0,5.3,0,1,4,2,0
1365,0.0,0.0,0.0,2.8,1,1,4,0,0
573,0.0,0.0,0.0,6.3,0,1,4,2,0
1850,0.0,0.0,0.0,6.3,0,1,4,1,0
984,0.0,0.0,0.0,6.3,1,1,4,2,0
985,0.44,5.800000000000001,6.250000000000001,8.9,1,1,11,0,0
574,0.0,0.53,0.53,8.9,0,1,11,0,0
1851,0.0,2.81,3.17,8.9,0,1,11,0,0
1366,0.5,17.0,17.0,6.6,1,1,9,1,0
575,0.0,0.0,0.0,9.4,0,1,8,0,0
1852,0.0,0.0,0.0,9.4,0,1,8,0,0
1367,0.0,0.0,0.0,10.9,1,1,6,2,0
986,0.0,0.0,0.0,9.4,1,1,8,0,1
987,0.0,0.0,0.0,9.5,1,1,9,0,0
1368,1.5,20.0,42.0,1.0,1,1,2,0,1
988,7.81,8.33,44.25,3.1,1,1,12,2,1
576,5.7,7.01,38.57,3.1,0,1,12,2,0
1853,4.56,5.569999999999999,38.98,3.1,0,1,12,0,1
1854,0.51,5.069999999999999,6.079999999999999,2.8,0,1,11,0,0
989,3.13,10.94,11.46,2.8,1,1,11,0,0
1855,2.02,2.02,2.02,2.7,0,1,12,0,0
577,0.44,0.88,0.88,2.7,0,1,12,2,0
990,11.12,12.11,12.11,7.3,1,1,12,2,0
1369,9.63,9.63,9.63,6.8,1,2,11,1,0
991,0.0,0.0,0.0,11.0,1,1,8,0,0
1370,0.0,0.0,0.0,8.9,1,1,9,1,0
578,0.0,0.51,1.01,5.8,0,1,10,0,0
992,0.49,1.94,3.87,5.8,1,1,10,0,0
1856,0.0,0.47,0.94,5.8,0,1,10,0,0
1371,0.0,1.55,3.61,1.7,1,1,10,1,0
1372,0.0,18.05,26.82,9.7,1,1,11,1,0
88,0.0,18.43,23.7,7.2,1,1,11,2,0
579,0.0,14.19,22.8,7.2,0,1,12,2,0
993,0.0,15.48,24.67,7.2,1,1,12,2,0
1857,0.0,14.1,25.37,7.2,0,1,12,0,0
580,0.0,0.5,2.02,10.7,0,1,14,2,0
994,0.0,2.09,4.13,10.7,1,1,14,2,0
1373,0.0,4.65,5.16,9.6,1,1,14,2,0
1858,0.0,0.52,2.03,10.7,0,1,14,2,0
1859,1.04,15.61,15.61,4.8,0,1,10,0,0
581,0.0,9.94,9.94,4.8,0,1,10,0,0
1374,2.06,11.86,11.86,7.6,1,1,9,1,0
995,3.13,20.87,20.87,4.8,1,1,10,0,0
89,0.0,3.69,34.22,3.2,1,1,10,2,0
996,0.0,2.61,4.699999999999999,10.7,1,1,10,0,1
1375,0.0,5.12,9.21,11.6,1,1,10,1,0
1860,0.0,0.52,1.04,10.7,0,1,10,0,0
582,0.0,1.0,1.99,10.7,0,1,10,0,0
1861,0.0,0.0,3.12,4.4,0,1,5,2,0
583,0.0,0.0,1.98,4.4,0,1,5,2,0
997,0.0,0.0,3.13,4.4,1,1,5,2,0
1376,56.31,56.31,56.31,1.0,1,1,9,1,0
1862,7.29,13.53,13.53,4.3,0,1,12,0,0
1377,5.12,11.26,11.26,4.8,1,1,11,1,1
584,4.48,9.45,9.45,4.3,0,1,12,2,0
998,4.18,10.44,10.44,4.3,1,1,12,2,0
1378,0.0,0.0,0.0,13.6,1,1,9,1,0
1863,0.0,0.0,0.0,12.9,0,1,9,0,0
585,0.0,0.0,0.0,12.9,0,1,9,0,0
999,0.0,0.0,0.0,12.9,1,1,9,0,0
586,0.0,0.0,0.0,11.1,0,1,5,2,0
1379,1.02,1.02,1.02,13.2,1,1,6,2,0
90,0.0,0.0,0.0,11.1,1,1,6,0,0
1000,0.0,0.0,0.0,11.1,1,1,5,2,0
1864,0.0,0.0,0.0,11.1,0,1,5,2,0
587,0.0,1.05,1.57,12.3,0,1,8,0,0
1865,0.0,0.0,2.5,12.3,0,1,8,0,0
1380,0.0,1.03,2.05,9.4,1,1,6,2,0
1001,0.0,0.54,2.7,12.3,1,1,8,0,0
1866,0.0,0.0,0.0,12.1,0,1,9,0,0
1381,0.0,0.0,0.0,4.7,1,1,7,2,0
588,0.0,0.0,0.0,12.1,0,1,9,0,0
1002,0.0,0.0,0.0,12.1,1,1,9,0,0
1867,0.0,0.0,0.0,10.3,0,1,11,0,0
1003,0.0,0.0,0.0,10.3,1,1,11,0,0
1382,0.0,0.0,0.0,10.1,1,1,4,0,0
589,0.0,0.0,0.0,10.3,0,1,11,0,0
590,0.0,1.82,1.82,8.7,0,1,12,2,1
1383,4.34,11.92,11.92,4.3,1,1,14,2,0
1004,0.53,5.8500000000000005,5.8500000000000005,8.7,1,1,12,2,1
1868,0.51,2.04,2.04,8.7,0,1,12,0,0
1005,10.12,10.12,10.65,6.4,1,1,10,0,0
591,0.0,0.0,0.0,7.1,0,1,1,1,0
1869,0.0,0.0,0.0,7.1,0,1,1,1,0
1384,0.0,0.0,0.0,2.1,1,1,6,2,0
1385,0.0,2.71,3.25,9.1,1,1,2,0,1
91,1.07,4.8,4.8,7.7,1,1,2,2,0
1870,0.0,0.0,0.0,7.7,0,1,6,2,0
592,0.0,0.0,0.0,7.7,0,1,6,2,0
1006,0.0,0.0,0.53,7.7,1,1,6,2,0
1386,0.0,0.0,0.0,0.3,1,1,3,0,0
593,0.0,0.0,0.0,9.7,0,1,6,2,0
1387,0.0,0.0,0.0,8.9,1,1,5,2,0
1871,0.0,0.0,0.0,9.7,0,1,6,2,0
1007,0.0,0.0,0.0,9.7,1,1,6,2,0
594,0.46,0.46,0.46,6.0,0,1,10,0,0
1872,1.0,1.0,1.5,6.0,0,1,10,0,0
1388,4.94,5.390000000000001,5.390000000000001,8.7,1,1,5,2,0
1008,2.55,3.57,3.57,7.8,1,1,10,0,0
92,0.0,0.0,0.67,12.2,1,1,6,0,0
1389,0.0,0.0,0.0,6.7,1,1,15,2,0
1009,0.0,0.0,0.0,9.4,1,1,10,0,0
1873,0.0,0.0,0.0,9.4,0,1,10,0,0
595,0.0,0.0,0.0,9.4,0,1,10,0,0
596,0.0,0.0,0.0,11.4,0,1,11,0,0
1010,0.0,0.0,1.53,11.4,1,1,11,0,0
1874,0.0,0.0,0.0,11.4,0,1,11,0,0
1390,0.0,0.0,0.0,11.3,1,1,2,0,0
1011,0.51,0.51,0.51,6.3,1,1,6,2,0
1875,0.0,0.0,0.0,6.3,0,1,6,2,0
1391,0.0,0.0,0.0,3.8,1,1,6,2,0
597,0.0,0.0,0.0,6.3,0,1,6,2,0
1012,3.05,3.05,3.05,4.3,1,1,11,0,0
1392,2.69,2.69,2.69,2.7,1,1,11,1,0
1013,0.0,0.0,0.0,6.2,1,1,5,2,0
1393,0.0,0.0,0.0,8.6,1,1,4,0,0
1394,0.0,2.38,10.72,5.0,1,1,9,1,0
1014,0.0,3.57,18.32,2.9,1,1,9,0,0
1015,0.48,0.97,0.97,7.0,1,1,11,0,0
1016,0.47,0.94,1.4,1.4,1,1,12,2,0
1017,2.81,2.81,4.68,2.4,1,1,0,1,0
1018,0.0,0.47,3.28,2.5,1,1,11,0,0
1019,0.0,0.0,0.0,11.9,1,1,9,0,0
1020,12.64,12.64,13.11,0.0,1,1,13,2,0
1021,0.0,0.0,0.0,12.4,1,1,11,0,0
1022,0.0,2.06,10.32,11.8,1,1,10,0,0
1023,0.0,0.0,0.0,3.2,1,1,14,2,0
1024,0.51,0.51,0.51,1.0,1,1,12,2,0
1025,0.0,0.0,3.61,11.8,1,1,6,2,0
1026,0.0,3.81,9.52,2.3,1,1,11,0,0
1027,0.0,0.0,0.0,6.7,1,1,2,1,0
1028,0.0,0.0,0.0,8.8,1,1,5,2,0
1029,0.0,0.0,10.95,10.2,1,1,3,1,0
1030,0.0,0.0,0.0,5.6,1,1,11,0,0
1031,1.41,1.41,2.83,3.6,1,1,2,1,0
1032,0.0,0.0,0.0,8.3,1,1,4,2,0
1033,0.47,1.88,1.88,8.0,1,1,11,0,0
1034,0.0,0.0,0.0,8.5,1,1,11,0,0
1035,0.0,0.0,0.0,6.6,1,1,10,0,0
1036,2.8,2.8,2.8,5.7,1,1,15,1,0
1037,0.0,0.0,0.0,7.0,1,1,5,2,0
1038,1.4,13.98,13.98,8.2,1,1,8,0,0
1039,2.45,2.45,2.45,7.0,1,1,11,0,0
1040,0.0,0.98,0.98,7.3,1,1,12,2,0
1395,0.0,0.0,0.0,10.7,1,1,12,1,0
1396,0.0,1.61,1.61,9.3,1,1,9,1,0
1397,0.0,13.35,13.35,10.6,1,1,9,1,0
1398,0.0,11.93,17.81,4.8,1,1,15,2,0
1399,0.52,10.37,10.37,12.2,1,1,8,1,0
1400,0.0,0.0,0.0,7.0,1,1,2,0,0
1401,0.0,0.0,0.0,10.1,1,1,14,2,0
1402,5.71,10.38,10.38,6.7,1,2,10,1,1
1041,4.44,8.870000000000001,10.35,8.7,1,1,11,0,0
1403,0.52,6.220000000000001,92.85,6.0,1,1,10,1,0
1042,0.49,4.930000000000001,98.15,2.0,1,1,10,0,0
1404,0.0,1.03,1.03,7.1,1,1,10,1,0
1043,0.0,0.5,0.5,7.2,1,1,11,0,0
1405,0.55,0.55,0.55,1.2,1,1,9,1,0
1044,0.89,0.89,0.89,1.4,1,1,11,0,0
1406,7.1,7.1,7.1,0.0,1,1,4,0,1
1045,8.0,8.0,8.0,0.6,1,1,4,2,0
1407,14.19,14.19,14.19,6.8,1,1,9,1,0
1046,8.45,10.22,10.669999999999998,5.7,1,1,9,0,0
1408,5.46,5.46,5.46,0.6,1,1,0,0,0
1047,0.44,0.44,0.44,3.5,1,1,0,1,0
1048,0.0,0.0,0.51,11.0,1,1,8,0,0
1409,0.0,0.0,0.0,8.1,1,1,9,1,0
1410,0.0,0.0,0.0,7.6,1,1,3,0,1
1049,0.0,0.0,0.0,10.7,1,1,4,2,0
1411,0.0,37.63,38.16,5.1,1,1,7,2,0
1050,0.0,36.88,38.42,7.0,1,1,8,0,0
1051,0.0,0.0,1.53,9.6,1,1,10,0,0
1412,0.0,0.0,0.53,10.4,1,1,9,1,0
1413,3.71,23.32,23.85,5.9,1,1,10,1,1
1052,1.53,12.29,12.8,7.8,1,1,11,0,0
1414,0.0,0.0,0.0,3.5,1,1,10,1,0
1053,0.0,0.0,0.0,2.5,1,1,8,0,0
1876,0.0,0.0,1.36,11.3,0,1,11,0,0
1054,0.0,0.0,1.0,11.3,1,1,11,0,0
93,0.0,0.0,0.52,11.3,1,1,11,2,0
94,1.05,1.05,1.05,7.7,1,1,11,2,0
1055,0.5,0.5,0.5,7.7,1,1,11,0,0
1877,0.0,0.0,0.0,6.1,0,1,13,2,0
95,1.61,1.61,1.61,5.3,1,1,11,2,0
1878,0.0,0.0,0.0,5.3,0,1,12,0,0
1879,0.0,1.36,6.79,8.3,0,1,12,0,0
96,0.0,3.74,9.08,8.3,1,2,13,1,0
97,5.87,13.88,13.88,2.9,1,1,2,2,0
1880,6.37,11.27,11.27,2.9,0,1,3,1,1
1881,3.92,12.74,16.66,1.2,0,1,7,2,0
98,9.07,24.01,27.75,1.2,1,1,6,0,0
1882,0.0,0.0,0.0,3.3,0,1,3,1,0
99,0.0,0.0,0.0,3.3,1,1,3,2,0
1883,1.47,30.87,85.25,2.4,0,1,14,2,1
1884,0.98,2.45,31.85,4.4,0,1,11,0,0
100,4.8,6.4,9.6,6.9,1,1,1,1,0
1885,2.94,2.94,3.92,6.9,0,1,1,1,0
101,5.87,6.94,26.68,0.0,1,1,14,1,0
1056,0.0,6.0,8.5,9.6,1,1,14,2,0
1886,0.0,3.43,7.84,9.6,0,1,14,2,0
102,0.0,0.0,0.52,9.4,1,1,4,2,0
1887,0.0,0.0,0.49,9.4,0,1,6,2,0
1057,0.5,0.5,0.5,9.4,1,1,6,2,1
1058,0.0,0.5,1.0,7.5,1,1,6,2,0
1059,0.0,0.0,0.5,6.8,1,1,6,2,1
1060,0.0,0.0,0.0,7.6,1,1,10,0,0
1061,2.5,2.5,2.5,1.8,1,1,7,0,0
1888,0.0,0.0,1.77,12.5,0,1,9,0,0
1062,0.0,0.0,2.5,12.5,1,1,9,0,0
103,0.0,2.63,3.68,12.5,1,1,9,0,0
1889,0.0,0.0,0.0,9.3,0,1,3,1,0
1063,0.0,0.0,0.0,9.3,1,1,3,1,0
104,0.0,0.0,0.0,9.3,1,1,1,1,0
1890,0.0,0.0,0.0,12.4,0,1,6,2,0
1064,0.0,0.0,0.0,12.4,1,1,6,2,0
105,0.0,0.0,0.0,12.4,1,1,9,0,0
1891,0.0,10.16,11.93,7.0,0,1,15,2,1
106,2.63,18.39,20.49,7.0,1,1,15,1,0
1065,0.5,16.0,16.5,7.0,1,1,15,1,0
1892,0.44,16.790000000000003,16.790000000000003,9.9,0,1,11,0,0
1893,8.84,8.84,8.84,6.3,0,1,0,1,1
107,3.15,3.15,3.15,6.3,1,1,1,1,0
1066,8.5,8.5,8.5,6.3,1,1,0,1,0
1067,16.0,17.0,25.5,0.6,1,1,1,1,0
1894,15.46,16.35,25.19,0.6,0,1,1,1,0
108,0.0,1.58,3.68,3.9,1,1,13,1,0
1895,3.98,3.98,3.98,3.9,0,1,11,0,0
1068,0.0,0.5,0.5,3.9,1,1,11,0,0
1069,0.0,0.0,0.0,4.3,1,1,6,2,0
109,0.0,0.0,0.0,4.3,1,1,6,0,0
1896,0.0,0.95,0.95,4.3,0,1,6,2,1
1070,0.0,21.5,21.5,9.2,1,1,6,2,0
1897,0.0,27.21,27.21,9.2,0,1,6,2,0
1898,0.0,23.86,25.76,9.2,0,1,9,0,0
110,0.0,19.23,19.77,9.2,1,1,9,0,0
1071,0.0,25.5,27.0,9.2,1,1,9,0,0
1072,5.0,32.5,62.0,0.0,1,1,3,1,0
1899,3.82,37.23,67.28999999999999,0.0,0,1,3,1,1
111,5.35,37.93,56.09,0.0,1,1,2,2,0
1073,1.0,33.5,38.5,8.4,1,1,13,2,0
1900,0.48,31.02,34.84,8.4,0,1,13,2,0
112,0.0,0.0,18.16,10.1,1,1,11,2,0
1074,0.0,0.0,12.5,10.1,1,1,10,0,0
1901,0.0,0.0,10.97,10.1,0,1,10,0,0
1902,0.0,0.0,0.0,7.3,0,1,8,0,0
1075,0.0,0.0,0.51,7.3,1,1,8,0,0
598,0.0,0.0,0.0,9.6,0,1,8,0,0
113,0.0,0.0,0.52,7.3,1,1,7,0,0
599,2.5,4.0,4.0,7.0,0,1,8,0,0
1903,3.43,4.29,4.29,4.4,0,1,8,0,0
114,0.0,3.56,3.56,4.4,1,1,8,0,0
1076,1.33,4.42,4.42,4.4,1,1,8,0,0
1904,0.0,0.0,1.28,10.9,0,1,6,2,0
600,0.0,0.5,2.0,9.6,0,1,6,2,0
1077,0.0,0.44,2.21,10.9,1,1,6,2,0
115,0.0,0.0,6.1,10.9,1,1,6,0,0
116,0.0,0.0,0.0,9.0,1,1,10,2,0
1905,0.0,0.0,0.0,9.0,0,1,11,0,0
601,0.0,0.0,0.0,11.7,0,1,11,0,0
1078,0.0,0.0,0.0,9.0,1,1,11,0,0
1906,0.0,2.14,2.14,1.6,0,1,5,2,0
117,0.0,7.12,7.12,1.6,1,1,0,1,0
1079,0.0,2.21,2.21,1.6,1,1,5,2,0
602,0.0,1.5,1.5,3.1,0,1,5,2,0
1907,0.0,0.0,0.0,5.2,0,1,7,2,0
118,0.0,1.53,1.53,5.2,1,1,1,1,0
1080,0.0,0.0,0.0,5.2,1,1,7,0,0
603,0.0,0.0,0.0,10.1,0,1,7,0,0
1081,0.89,0.89,0.89,1.1,1,1,2,1,0
119,1.01,1.01,1.01,1.1,1,1,1,1,0
1908,0.86,0.86,0.86,1.1,0,1,2,1,0
604,0.5,0.5,0.5,2.9,0,1,2,1,1
605,0.0,0.0,0.5,6.8,0,1,4,2,1
606,0.0,0.0,0.0,10.8,0,1,4,2,0
607,0.0,0.47,2.38,2.9,0,1,2,1,0
1082,0.0,1.5,6.0,0.1,1,1,2,1,0
1909,0.22,0.67,2.24,0.1,0,1,2,1,0
120,0.5,1.51,11.12,0.1,1,1,1,1,0
1910,0.0,0.0,0.45,11.4,0,1,14,2,0
608,0.0,0.0,0.95,9.7,0,1,14,2,0
121,0.0,0.0,0.0,11.4,1,2,10,2,0
1083,0.0,0.0,0.0,11.4,1,1,10,0,0
1911,0.0,0.0,0.0,11.4,0,1,13,2,0
609,0.0,0.0,0.0,12.4,0,1,13,2,0
122,0.0,0.0,0.0,11.4,1,1,15,1,1
1084,0.0,0.0,0.0,11.4,1,1,14,2,0
610,0.0,0.0,0.0,4.2,0,1,14,2,0
1912,0.0,0.0,0.0,11.4,0,1,14,2,0
123,3.54,4.55,4.55,11.4,1,1,12,2,1
124,0.0,1.52,1.52,11.4,1,1,9,0,0
1913,0.0,0.0,0.0,11.4,0,1,9,0,0
611,0.0,0.0,0.0,9.8,0,1,9,0,0
1085,0.0,0.0,0.0,11.4,1,1,9,0,0
612,0.0,0.0,0.0,12.8,0,1,5,2,0
125,0.0,0.0,0.0,11.4,1,1,5,0,0
1914,0.0,0.0,0.0,11.4,0,1,5,2,0
1086,0.0,0.0,0.0,11.4,1,1,5,2,0
126,0.0,0.0,11.0,11.4,1,1,14,1,0
613,0.0,0.0,3.78,10.2,0,1,8,0,0
1915,0.0,0.0,2.78,11.4,0,1,8,0,0
1087,0.0,0.0,5.0,11.4,1,1,8,0,0
127,0.0,0.0,0.0,11.4,1,1,14,1,0
1916,0.0,0.0,0.0,11.4,0,1,11,0,0
614,0.0,0.0,0.0,9.9,0,1,11,0,0
1088,0.0,0.0,0.0,11.4,1,1,11,0,0
128,0.0,0.0,0.0,11.4,1,1,10,2,0
1917,0.0,0.0,0.0,11.4,0,1,5,2,0
615,0.0,0.0,0.0,11.3,0,1,5,2,0
1089,0.0,0.0,0.0,11.4,1,1,5,2,0
129,0.0,0.0,0.0,11.4,1,1,5,0,0
1918,0.0,0.0,0.0,11.4,0,1,4,1,0
1090,0.0,0.0,0.0,11.4,1,1,4,2,0
616,0.0,0.0,0.0,10.4,0,1,4,2,0
1919,0.0,0.0,0.17,2.0,0,1,11,0,0
130,0.5,0.5,4.0,2.0,1,1,3,2,0
1091,0.0,0.0,2.0,2.0,1,1,11,0,0
617,0.0,0.0,1.16,4.6,0,1,11,0,0
618,0.0,0.0,0.0,10.9,0,1,7,0,0
1920,0.0,0.0,0.0,10.5,0,1,7,2,0
131,0.0,0.0,0.0,10.5,1,1,13,1,0
1092,0.0,0.0,0.0,10.5,1,1,7,0,0
1921,0.0,0.0,1.21,8.2,0,1,6,2,0
132,0.0,7.59,10.84,8.2,1,1,4,2,0
619,0.0,0.0,0.48,10.6,0,1,6,2,0
1093,0.0,0.48,1.94,8.2,1,1,6,2,0
1094,0.0,0.0,0.0,8.7,1,1,11,0,0
1922,0.0,0.0,0.0,8.7,0,1,11,0,0
133,0.0,0.0,0.54,8.7,1,1,4,2,0
620,0.0,0.0,0.0,10.2,0,1,11,0,0
1095,2.39,3.35,3.35,4.3,1,1,2,1,0
1923,2.89,2.89,2.89,4.3,0,1,2,1,0
134,3.71,3.71,4.24,4.3,1,1,1,1,0
621,1.47,1.47,1.96,3.3,0,1,2,1,0
135,0.0,0.0,0.53,6.2,1,1,10,2,0
1924,0.0,0.0,0.0,6.2,0,1,2,1,0
1096,0.0,0.0,0.0,6.2,1,1,2,1,0
622,0.0,0.0,0.0,4.1,0,1,2,1,0
623,0.0,0.0,0.0,9.3,0,1,5,2,0
1925,0.0,0.0,0.0,2.8,0,1,5,2,0
1097,0.0,0.0,0.0,2.8,1,1,5,2,0
136,0.0,0.0,0.0,2.8,1,1,6,0,0
624,0.51,0.51,0.51,7.5,0,1,2,1,0
1098,0.95,0.95,0.95,6.5,1,1,2,1,0
137,1.59,1.59,1.59,6.5,1,1,2,2,0
1926,0.84,0.84,0.84,6.5,0,1,2,1,0
1099,0.0,0.0,0.48,0.0,1,1,4,2,0
138,34.42,34.42,34.42,0.0,1,1,3,2,0
139,0.0,0.53,3.71,2.8,1,1,10,2,0
625,0.0,0.0,0.46,9.6,0,1,11,0,0
1927,0.0,0.0,0.0,2.8,0,1,11,0,0
1100,0.0,1.44,2.4,2.8,1,1,11,0,0
140,0.0,3.09,3.09,5.5,1,1,10,2,0
1101,0.0,0.0,0.0,5.5,1,1,10,0,0
626,0.0,0.0,6.93,10.1,0,1,10,0,0
1928,0.0,0.0,0.48,5.5,0,1,10,0,0
1102,0.0,0.48,0.48,10.4,1,1,8,0,0
141,0.0,0.52,0.52,10.4,1,1,8,0,0
627,0.0,0.46,0.46,10.9,0,1,8,0,0
1929,0.0,0.0,0.0,10.4,0,1,8,0,0
628,3.69,31.85,31.85,8.5,0,1,0,1,0
1930,6.77,37.69,37.69,8.2,0,1,0,1,0
142,6.18,18.55,18.55,8.2,1,1,0,1,0
1103,5.75,31.14,31.14,8.2,1,1,0,1,0
143,0.0,0.51,2.5700000000000003,12.5,1,1,2,2,1
1104,0.0,0.0,1.44,12.5,1,1,2,1,0
1931,0.0,0.0,2.42,12.5,0,1,2,1,0
629,0.0,0.0,1.84,12.1,0,1,2,1,0
144,0.0,0.0,0.51,8.5,1,1,12,2,0
145,0.52,1.55,3.09,8.6,1,2,10,2,0
1105,0.0,0.0,0.0,8.6,1,1,11,0,0
1932,0.0,0.0,0.0,5.2,0,1,12,0,0
630,0.0,0.0,0.0,0.7,0,1,12,2,0
146,10.83,12.37,12.37,0.6,1,1,2,2,0
1106,7.19,10.06,10.06,0.6,1,1,2,1,1
1933,0.0,6.76,9.18,6.0,0,1,13,2,0
631,0.46,6.46,8.77,6.2,0,1,13,2,0
1107,0.48,0.96,8.15,8.2,1,1,10,0,0
1934,0.0,6.28,6.28,12.7,0,1,7,2,0
147,0.0,25.77,25.77,12.7,1,1,7,0,0
632,0.0,7.85,7.85,12.7,0,1,7,0,0
1108,0.0,13.41,13.41,12.7,1,1,7,0,0
148,0.0,0.0,0.0,1.9,1,1,14,1,0
1935,0.0,0.0,0.0,1.9,0,1,13,2,0
633,0.0,0.0,0.0,3.8,0,1,13,2,0
1109,0.0,0.0,0.0,1.9,1,1,13,2,0
1110,0.0,0.46,0.46,6.0,1,1,10,0,0
1936,0.0,0.0,0.0,6.0,0,1,10,0,0
149,0.0,0.0,0.0,6.0,1,1,10,2,0
634,0.0,1.5,1.5,5.0,0,1,10,0,0
1111,0.0,0.0,0.0,8.6,1,1,4,2,0
1937,0.0,0.0,0.0,8.6,0,1,4,1,0
635,0.0,0.0,0.0,11.2,0,1,4,2,0
150,0.0,0.0,0.0,8.6,1,1,3,2,0
151,0.0,0.0,1.03,9.3,1,1,8,0,0
1112,0.0,0.0,0.0,9.3,1,1,10,0,0
636,0.0,0.0,0.0,6.3,0,1,10,0,0
1938,0.0,0.0,0.0,9.3,0,1,10,0,0
1113,0.46,1.85,1.85,10.1,1,1,11,0,1
1939,0.52,2.0700000000000003,2.0700000000000003,10.1,0,1,11,0,0
152,1.03,6.71,6.71,10.1,1,1,11,2,0
637,0.5,0.5,0.5,9.3,0,1,11,0,0
1114,2.31,2.77,4.16,7.2,1,1,11,0,0
638,0.0,0.0,0.0,7.2,0,1,10,0,0
1115,0.0,0.0,0.0,7.9,1,1,10,0,0
1940,0.0,0.0,0.0,7.9,0,1,10,0,0
153,0.0,0.0,0.0,7.9,1,1,1,1,0
1116,0.0,0.5,3.5,8.2,1,1,13,2,0
1941,0.0,0.94,2.81,8.2,0,1,13,2,0
154,0.0,3.09,4.12,8.2,1,1,0,1,0
639,0.0,0.9,3.16,7.2,0,1,13,2,0
640,0.0,0.0,0.0,8.8,0,1,11,0,0
1117,0.0,0.0,0.0,7.3,1,1,11,0,0
155,0.52,1.03,2.0700000000000003,7.3,1,1,12,2,0
1942,0.0,0.0,0.0,7.3,0,1,11,0,0
1415,0.0,0.0,0.0,4.5,1,1,12,1,1
1416,0.0,0.47,4.24,7.8,1,1,5,2,0
1417,0.0,0.0,5.18,1.4,1,1,2,0,0
1418,52.23,52.23,52.23,3.7,1,2,3,0,1
1943,9.43,9.43,9.93,2.0,0,1,15,2,0
641,8.67,8.67,8.67,3.4,0,1,15,1,0
1118,9.85,9.85,10.34,2.0,1,1,15,1,0
156,8.47,8.47,8.47,2.0,1,1,15,1,0
157,0.0,0.0,0.0,9.0,1,1,12,2,0
1944,0.0,0.0,0.0,5.1,0,1,12,0,0
642,0.0,0.0,0.0,7.1,0,1,12,2,0
1119,0.0,0.0,0.0,5.1,1,1,12,2,0
1120,7.38,18.21,18.7,1.2,1,1,1,1,1
643,0.48,8.19,17.34,9.8,0,1,1,1,0
1945,0.0,9.44,19.37,9.4,0,1,1,1,0
158,0.53,11.16,14.88,9.4,1,1,12,2,0
1121,0.0,0.0,7.38,9.9,1,1,12,2,0
644,0.48,0.48,0.96,0.6,0,1,11,0,1
1946,0.99,0.99,1.49,2.3,0,1,11,0,0
159,1.59,1.59,4.78,2.3,1,1,10,2,0
1122,0.0,0.0,0.98,2.3,1,1,11,0,1
645,0.0,0.0,0.48,12.2,0,1,11,0,0
1123,0.0,0.0,0.0,11.2,1,1,11,0,0
1947,1.01,1.01,1.52,5.5,0,1,11,0,0
1124,2.95,3.4400000000000004,4.42,5.5,1,1,11,0,0
646,2.41,2.41,2.89,9.2,0,1,11,0,0
160,2.66,2.66,5.3100000000000005,5.5,1,1,10,2,0
1125,0.0,0.0,0.0,0.0,1,1,1,1,0
1948,0.0,0.0,0.0,0.0,0,1,1,1,0
647,0.0,0.0,0.0,0.4,0,1,1,1,1
161,0.53,3.1900000000000004,3.1900000000000004,0.0,1,1,0,1,0
648,3.37,3.37,3.37,2.6,0,1,12,2,0
162,0.0,5.32,51.02,0.0,1,1,4,2,0
1126,0.0,0.0,49.11,0.0,1,1,4,2,0
1949,13.73,23.9,23.9,1.7,0,1,13,2,0
649,12.52,22.64,22.64,3.1,0,1,13,2,0
1950,0.0,9.66,10.68,11.4,0,1,9,0,0
163,0.0,4.75,5.28,11.4,1,1,9,0,0
1127,0.0,9.33,9.82,11.4,1,1,9,0,0
650,0.0,8.67,9.15,11.3,0,1,9,0,0
651,0.0,0.0,0.0,12.0,0,1,4,2,0
1128,0.0,0.0,0.0,8.4,1,1,4,2,0
164,0.0,0.0,0.0,8.4,1,1,4,2,0
1951,0.0,0.0,0.0,8.4,0,1,4,1,0
165,0.0,0.0,0.0,11.0,1,1,9,0,0
1129,0.0,0.0,0.0,12.4,1,1,13,2,0
1952,0.0,0.0,0.0,12.4,0,1,13,2,0
652,0.0,0.0,0.0,13.0,0,1,13,2,0
653,0.0,0.0,0.0,13.2,0,1,9,0,0
1130,0.0,0.0,0.0,10.0,1,1,9,0,0
1953,0.0,0.0,0.0,10.0,0,1,9,0,0
166,0.0,0.0,0.0,10.0,1,1,9,0,0
167,1.05,2.1100000000000003,2.640000000000001,11.7,1,1,13,1,0
1131,0.0,0.49,2.95,11.7,1,1,12,2,0
654,0.0,0.48,1.44,11.3,0,1,12,2,0
1954,0.0,0.0,1.03,11.7,0,1,12,0,0
168,0.0,0.0,1.05,10.6,1,1,5,0,1
169,0.0,0.0,0.0,9.3,1,1,3,2,0
1132,0.0,0.0,0.0,5.0,1,1,3,1,0
170,0.0,0.0,0.0,5.0,1,1,6,0,0
1955,0.5,0.5,0.5,5.0,0,1,3,1,0
655,0.0,0.0,0.0,9.5,0,1,3,1,0
1956,0.5,2.0,2.5,7.8,0,1,11,0,0
171,6.34,13.21,17.96,7.8,1,1,12,2,0
656,2.89,4.8100000000000005,5.300000000000001,10.2,0,1,11,0,0
1133,2.94,4.42,5.4,7.8,1,1,11,0,0
1957,0.0,0.0,0.0,5.0,0,1,8,0,0
172,0.0,0.0,0.0,5.0,1,1,7,0,0
1134,1.96,1.96,1.96,5.0,1,1,8,0,0
657,0.0,0.0,0.0,5.3,0,1,8,0,0
173,0.0,0.0,0.0,9.8,1,1,14,1,0
1135,0.0,0.0,0.0,11.5,1,1,11,0,0
1958,0.0,1.0,1.0,11.5,0,1,11,0,0
658,0.0,0.0,0.0,9.8,0,1,11,0,0
1136,0.98,1.96,1.96,3.9,1,1,5,2,0
1959,0.0,0.0,0.5,3.9,0,1,5,2,1
659,0.0,0.0,1.43,5.1,0,1,5,2,0
174,0.0,3.17,5.279999999999999,3.9,1,1,5,0,1
175,0.0,0.0,0.0,8.4,1,1,7,0,0
1960,0.0,0.0,0.0,8.4,0,1,11,0,0
176,0.0,0.0,0.0,1.0,1,1,4,2,0
1961,0.0,0.0,0.0,1.0,0,1,5,2,0
1137,0.0,0.0,0.0,1.0,1,1,5,2,0
660,0.0,0.0,0.0,2.8,0,1,5,2,0
177,0.0,3.71,3.71,4.7,1,1,2,2,0
661,0.0,0.48,3.35,10.4,0,1,10,0,0
1138,0.0,0.0,3.44,9.6,1,1,10,0,0
1962,0.0,0.5,3.0,9.6,0,1,10,0,0
178,25.44,25.44,25.44,2.5,1,1,9,0,0
1139,35.23,35.23,35.73,2.5,1,1,9,0,0
1963,35.82,35.82,35.82,2.5,0,1,9,0,0
662,30.14,30.14,30.14,5.3,0,1,9,0,0
179,21.2,21.2,21.2,6.3,1,1,2,2,0
663,9.11,9.11,9.11,6.6,0,1,2,1,0
1964,6.87,6.87,6.87,6.3,0,1,2,1,1
1140,7.94,7.94,7.94,6.3,1,1,2,1,0
1965,0.49,22.57,29.44,3.5,0,1,0,1,1
664,1.91,5.27,8.629999999999999,8.0,0,1,12,2,0
180,3.17,10.59,13.77,6.5,1,1,12,2,0
1141,0.5,9.92,13.89,6.5,1,1,12,2,0
1966,5.4,10.8,18.65,6.5,0,1,12,0,0
665,0.0,0.0,0.0,5.9,0,1,12,2,0
1967,0.0,0.0,0.0,3.7,0,1,12,0,0
181,0.0,0.0,0.0,3.7,1,1,14,1,0
1142,0.0,0.0,0.0,3.7,1,1,12,2,0
1968,0.0,0.0,0.0,3.6,0,1,11,0,0
182,0.0,0.0,0.55,3.6,1,1,10,2,0
666,0.0,0.0,0.0,5.9,0,1,11,0,0
1143,0.0,0.0,0.0,3.6,1,1,11,0,0
183,0.55,1.11,30.42,9.2,1,1,10,2,0
1144,0.0,0.0,21.26,9.2,1,1,9,0,0
1969,1.99,2.49,2.49,5.0,0,1,2,1,0
667,0.98,0.98,0.98,1.0,0,1,2,1,0
668,0.0,9.35,13.79,13.0,0,1,10,0,0
1145,0.0,0.0,0.0,7.0,1,1,3,1,0
184,0.56,0.56,0.56,7.0,1,1,12,2,0
1970,0.0,0.0,0.0,8.8,0,1,12,0,0
669,0.49,0.49,0.49,4.7,0,1,12,2,0
670,0.0,0.0,0.0,8.0,0,1,3,1,0
185,0.0,0.0,0.0,0.0,1,1,2,2,0
1146,0.0,0.0,0.0,0.0,1,1,3,1,0
1971,0.0,0.0,0.0,0.0,0,1,3,1,0
671,0.0,0.0,0.0,6.8,0,1,10,0,0
1147,0.0,0.0,0.0,6.4,1,1,10,0,0
186,0.0,0.0,0.55,6.4,1,2,10,2,0
1972,0.0,0.0,0.5,6.4,0,1,10,0,0
672,0.0,0.0,0.0,8.5,0,1,11,0,0
187,0.0,0.0,0.0,6.3,1,1,11,2,0
1973,0.0,0.0,0.0,6.3,0,1,11,0,0
1148,0.0,0.0,0.0,6.3,1,1,11,0,0
188,0.0,0.0,0.0,11.6,1,1,10,2,0
673,0.0,0.0,0.0,11.3,0,1,11,0,0
1974,0.0,0.0,0.0,11.6,0,1,11,0,0
1419,0.0,0.0,0.0,6.7,1,1,10,1,0
1149,0.0,0.0,0.0,11.6,1,1,11,0,0
189,0.0,0.0,0.0,11.3,1,1,9,0,0
1150,0.0,0.0,0.0,11.3,1,1,10,0,0
1975,0.0,0.0,0.0,11.3,0,1,10,0,0
674,0.0,0.0,0.0,12.6,0,1,10,0,0
1151,0.0,0.0,0.0,11.0,1,1,3,1,0
1976,0.0,0.0,23.45,7.5,0,1,4,1,0
1152,0.0,0.51,21.39,7.5,1,1,4,2,0
675,0.0,0.0,22.55,12.3,0,1,4,2,0
190,0.0,1.06,18.58,7.5,1,1,5,0,0
1420,36.56,36.56,36.56,0.4,1,1,1,0,0
1421,5.23,5.7,5.7,0.9,1,1,8,1,1
676,0.51,5.63,5.63,12.6,0,1,11,0,1
1153,0.51,7.13,7.13,10.5,1,1,11,0,0
191,1.06,2.6500000000000004,2.6500000000000004,10.5,1,1,10,2,0
1977,0.5,5.99,5.99,10.5,0,1,11,0,0
677,0.0,0.0,0.51,7.8,0,1,0,1,0
192,15.92,18.58,18.58,10.8,1,1,15,1,0
1978,12.47,15.97,15.97,10.8,0,1,15,2,0
678,6.66,11.79,11.79,10.9,0,1,15,1,0
1154,7.13,11.71,11.71,10.8,1,1,15,1,0
1422,0.0,9.02,11.87,5.6,1,1,0,0,0
193,0.0,0.0,0.0,3.4,1,1,3,2,0
1155,4.08,4.08,4.08,4.4,1,1,4,2,0
1423,16.14,16.14,16.14,0.8,1,1,5,2,0
1979,0.0,1.5,1.5,7.1,0,1,11,0,0
679,0.52,1.54,1.54,7.7,0,1,11,0,0
194,0.0,0.0,36.48,7.2,1,1,14,1,0
1156,0.0,0.51,0.51,7.2,1,1,13,2,0
680,0.0,0.0,0.0,8.6,0,1,13,2,0
1980,0.0,0.0,0.0,7.2,0,1,13,2,0
1424,3.85,3.85,3.85,0.2,1,1,3,0,0
195,0.0,0.0,8.04,0.5,1,1,6,0,0
681,0.0,0.0,0.0,10.1,0,1,8,0,0
1157,0.0,0.0,0.0,9.9,1,1,8,0,0
1981,0.0,0.0,0.0,9.9,0,1,8,0,0
